item_code,item_name,item_group,stock_uom,is_stock_item,include_item_in_manufacturing,valuation_method,has_batch_no,create_new_batch,inspection_required_before_purchase,inspection_required_before_delivery,allow_alternative_item,disabled,description,quality_template
710C3031,CiLON‚ĄĘ 30% GF PA 6 Natural,PA6,Kg,1,1,FIFO,1,1,0,1,0,0,,Calco Final FG QC
711C3002,CiLON‚ĄĘ 30 % GF PA 6 Black,PA6,Kg,1,1,FIFO,1,1,0,1,0,0,,Calco Final FG QC
730C2091,ZiLITE‚ĄĘ 20% GF PBT CFL White,PBT,Kg,1,1,FIFO,1,1,0,1,0,0,,Calco Final FG QC
711C3001HF,CiLON‚ĄĘ 30 % GF PA 6 Black,PA6,Kg,1,1,FIFO,1,1,0,1,0,0,,Calco Final FG QC
730C2093L,ZiLITE‚ĄĘ 20% GF CFL White PBT,PBT,Kg,1,1,FIFO,1,1,0,1,0,0,,Calco Final FG QC
710C3031HFHS,"CiLON‚ĄĘ 30% GF PA6 High Flow, Heat Stabilized Natural",PA6,Kg,1,1,FIFO,1,1,0,1,0,0,,Calco Final FG QC
711C0002,CiLON‚ĄĘ Unfilled PA 6 Black,PA6,Kg,1,1,FIFO,1,1,0,1,0,0,,Calco Final FG QC
710C2383F4,CiLON‚ĄĘ 20% MF + 5% GF FR PA6 MCB RAL7035 Grey,PA6,Kg,1,1,FIFO,1,1,0,1,0,0,,Calco Final FG QC
730C0032,ZiLITE‚ĄĘ UF PBT Natural,PBT,Kg,1,1,FIFO,1,1,0,1,0,0,,Calco Final FG QC
710C3003,CiLON‚ĄĘ 35% GF PA6 Black,PA6,Kg,1,1,FIFO,1,1,0,1,0,0,,Calco Final FG QC
710C0031,CiLON‚ĄĘ Unfilled PA 6 Natural,PA6,Kg,1,1,FIFO,1,1,0,1,0,0,,Calco Final FG QC
500C3031,HiLENE‚ĄĘ 30% GF PP Natural,PP,Kg,1,1,FIFO,1,1,0,1,0,0,,Calco Final FG QC
711C1001,CiLON‚ĄĘ 15 % GF PA 6 Black,PA6,Kg,1,1,FIFO,1,1,0,1,0,0,,Calco Final FG QC
730C0031,ZiLITE‚ĄĘ UF PBT Natural,PBT,Kg,1,1,FIFO,1,1,0,1,0,0,,Calco Final FG QC
501C3283,HiLENE‚ĄĘ 25 % TF PP Dark Grey,PP,Kg,1,1,FIFO,1,1,0,1,0,0,,Calco Final FG QC
711C0001,CiLON‚ĄĘ Unfilled PA 6 Black,PA6,Kg,1,1,FIFO,1,1,0,1,0,0,,Calco Final FG QC
710C2383F2,CiLON‚ĄĘ 20% MF + 5% GF FR PA6 Grey,PA6,Kg,1,1,FIFO,1,1,0,1,0,0,,Calco Final FG QC
730C3391F,ZiLITE‚ĄĘ 30 % GF FR PBT White,PBT,Kg,1,1,FIFO,1,1,0,1,0,0,,Calco Final FG QC
710C3013,CiLON‚ĄĘ 35% GF PA6 Beige,PA6,Kg,1,1,FIFO,1,1,0,1,0,0,,Calco Final FG QC
721C3001,CiLON‚ĄĘ 33% GF PA 66 Black,PA66,Kg,1,1,FIFO,1,1,0,1,0,0,,Calco Final FG QC
731C3001,ZiLITE‚ĄĘ 30 % GF PBT Black,PBT,Kg,1,1,FIFO,1,1,0,1,0,0,,Calco Final FG QC
710C2283F4,CiLON‚ĄĘ 20% MF FR PA6 Grey,PA6,Kg,1,1,FIFO,1,1,0,1,0,0,,Calco Final FG QC
711C3001F,CiLON‚ĄĘ 30% GF FR PA 6 Black,PA6,Kg,1,1,FIFO,1,1,0,1,0,0,,Calco Final FG QC
730C3031,ZiLITE‚ĄĘ 30% GF PBT Natural,PBT,Kg,1,1,FIFO,1,1,0,1,0,0,,Calco Final FG QC
731C3001F,ZiLITE‚ĄĘ 30 % GF FR PBT Black,PBT,Kg,1,1,FIFO,1,1,0,1,0,0,,Calco Final FG QC
710C3001UVS,CiLON‚ĄĘ 30% GF PA6 Black UV Stabilized,PA6,Kg,1,1,FIFO,1,1,0,1,0,0,,Calco Final FG QC
730C3392F,ZiLITE‚ĄĘ 30% GF + MF FR PBT White,PBT,Kg,1,1,FIFO,1,1,0,1,0,0,,Calco Final FG QC
710C4101,CiLON‚ĄĘ 40% MF PA6 Black,PA6,Kg,1,1,FIFO,1,1,0,1,0,0,,Calco Final FG QC
721C0001,CiLON‚ĄĘ Unfilled PA 66 Black,PA66,Kg,1,1,FIFO,1,1,0,1,0,0,,Calco Final FG QC
711C3001M,CiLON‚ĄĘ 30 % GF PA6 Black,PA6,Kg,1,1,FIFO,1,1,0,1,0,0,,Calco Final FG QC
720C3031,CiLON‚ĄĘ 33% GF PA 66 Natural,PA66,Kg,1,1,FIFO,1,1,0,1,0,0,,Calco Final FG QC
710C3033,CiLON‚ĄĘ 30% GF PA6 Natural,PA6,Kg,1,1,FIFO,1,1,0,1,0,0,,Calco Final FG QC
711C3003,CiLON‚ĄĘ 30 % GF PA 6 Black,PA6,Kg,1,1,FIFO,1,1,0,1,0,0,,Calco Final FG QC
721C3002,CiLON‚ĄĘ 33% GF PA 66 Black,PA66,Kg,1,1,FIFO,1,1,0,1,0,0,,Calco Final FG QC
721C1081,CiLON‚ĄĘ 15 % GF PA 66 Grey,PA66,Kg,1,1,FIFO,1,1,0,1,0,0,,Calco Final FG QC
730C2091B,ZiLITE‚ĄĘ 20% GF PBT CFL White,PBT,Kg,1,1,FIFO,1,1,0,1,0,0,,Calco Final FG QC
710C2081,CiLON‚ĄĘ 25% GF PA6 Dark Grey,PA6,Kg,1,1,FIFO,1,1,0,1,0,0,,Calco Final FG QC
500C2291,HiLENE‚ĄĘ 20% MF PP White,PP,Kg,1,1,FIFO,1,1,0,1,0,0,,Calco Final FG QC
711C3005,CiLON‚ĄĘ 35% GF PA6 Compound BLK,PA6,Kg,1,1,FIFO,1,1,0,1,0,0,,Calco Final FG QC
750C0031,PiCAN‚ĄĘ PC COMPOUND,Alloy,Kg,1,1,FIFO,1,1,0,1,0,0,,Calco Final FG QC
711C2001F,CiLON‚ĄĘ 20% GF FR PA6 Black,PA6,Kg,1,1,FIFO,1,1,0,1,0,0,,Calco Final FG QC
720C0031,CiLON‚ĄĘ UF PA66 Natural,PA66,Kg,1,1,FIFO,1,1,0,1,0,0,,Calco Final FG QC
710C3001E,CiLON‚ĄĘ 30% GF PA6 Ebony Black,PA6,Kg,1,1,FIFO,1,1,0,1,0,0,,Calco Final FG QC
711C0092,CiLON‚ĄĘ Unfilled PA 6 Milky White,PA6,Kg,1,1,FIFO,1,1,0,1,0,0,,Calco Final FG QC
500C2192,HiLENE‚ĄĘ 20% TF PP White,PP,Kg,1,1,FIFO,1,1,0,1,0,0,,Calco Final FG QC
730C2091L,ZiLITE‚ĄĘ 20% GF CFL PBT White,PBT,Kg,1,1,FIFO,1,1,0,1,0,0,,Calco Final FG QC
730C3381,ZiLITE‚ĄĘ 20% GF+10% MF PBT L. Grey,PBT,Kg,1,1,FIFO,1,1,0,1,0,0,,Calco Final FG QC
710C1031,CiLON‚ĄĘ 15 % GF PA 6 Natural,PA6,Kg,1,1,FIFO,1,1,0,1,0,0,,Calco Final FG QC
720C3002HS,CiLON‚ĄĘ 30% GF PA66 Black,PA66,Kg,1,1,FIFO,1,1,0,1,0,0,,Calco Final FG QC
740C3002,ZiLITE‚ĄĘ 30% GF PBT/PET Black,PBT,Kg,1,1,FIFO,1,1,0,1,0,0,,Calco Final FG QC
710C0001ST,CiLON‚ĄĘ UF PA6 Super Tough Black,PA6,Kg,1,1,FIFO,1,1,0,1,0,0,,Calco Final FG QC
721C3003,CiLON‚ĄĘ 33% GF PA 66 Black,PA66,Kg,1,1,FIFO,1,1,0,1,0,0,,Calco Final FG QC
711C3002E,CiLON‚ĄĘ 30% PA6 GF Black,PA6,Kg,1,1,FIFO,1,1,0,1,0,0,,Calco Final FG QC
720C4101,CiLON‚ĄĘ 40% MF PA66 Black,PA66,Kg,1,1,FIFO,1,1,0,1,0,0,,Calco Final FG QC
710C0001,CiLON‚ĄĘ Unfilled PA 6 Black,PA6,Kg,1,1,FIFO,1,1,0,1,0,0,,Calco Final FG QC
730C3032F,"ZiLITE‚ĄĘ 30% GF FR PBT, Natural",PBT,Kg,1,1,FIFO,1,1,0,1,0,0,,Calco Final FG QC
750C3031,PiCAN‚ĄĘ 30% GF PC Natural,Alloy,Kg,1,1,FIFO,1,1,0,1,0,0,,Calco Final FG QC
710C0083,CiLON‚ĄĘ Unfilled PA 6 Grey,PA6,Kg,1,1,FIFO,1,1,0,1,0,0,,Calco Final FG QC
730C1001,ZiLITE‚ĄĘ 15% GF PBT Black,PBT,Kg,1,1,FIFO,1,1,0,1,0,0,,Calco Final FG QC
730C2093OP,ZiLITE‚ĄĘ 20% GF LED OPAQUE White PBT,PBT,Kg,1,1,FIFO,1,1,0,1,0,0,,Calco Final FG QC
710C6031,CiLON‚ĄĘ 60% GF PA6 Natural,PA6,Kg,1,1,FIFO,1,1,0,1,0,0,,Calco Final FG QC
721C1001,CiLON‚ĄĘ 15% GF PA 66 Black,PA66,Kg,1,1,FIFO,1,1,0,1,0,0,,Calco Final FG QC
730C0033,ZiLITE‚ĄĘ Unfilled PBT Natural,PBT,Kg,1,1,FIFO,1,1,0,1,0,0,,Calco Final FG QC
711C0001F,CiLON‚ĄĘ Unfilled FR PA 6 Black,PA6,Kg,1,1,FIFO,1,1,0,1,0,0,,Calco Final FG QC
711C0092F,CiLON‚ĄĘ UF FR PA6 White,PA6,Kg,1,1,FIFO,1,1,0,1,0,0,,Calco Final FG QC
730C2093A,ZiLITE‚ĄĘ 20% GF CFL White PBT,PBT,Kg,1,1,FIFO,1,1,0,1,0,0,,Calco Final FG QC
711C1001F,CiLON‚ĄĘ 5% GF FR PA6 Black,PA6,Kg,1,1,FIFO,1,1,0,1,0,0,,Calco Final FG QC
710C3081,CiLON‚ĄĘ 30 % GF PA 6 Grey,PA6,Kg,1,1,FIFO,1,1,0,1,0,0,,Calco Final FG QC
710C2081F1,CiLON‚ĄĘ 20% GF FR PA6 Grey,PA6,Kg,1,1,FIFO,1,1,0,1,0,0,,Calco Final FG QC
710C4111,CiLON‚ĄĘ 40 % MF PA6 Beige,PA6,Kg,1,1,FIFO,1,1,0,1,0,0,,Calco Final FG QC
730C1031,ZiLITE‚ĄĘ 15% GF PBT Natural,PBT,Kg,1,1,FIFO,1,1,0,1,0,0,,Calco Final FG QC
730C3001F,ZiLITE‚ĄĘ 30% GF FR PBT Black,PBT,Kg,1,1,FIFO,1,1,0,1,0,0,,Calco Final FG QC
710C0031ST,CiLON‚ĄĘ UF PA6 Super Tough Natural,PA6,Kg,1,1,FIFO,1,1,0,1,0,0,,Calco Final FG QC
721C2001F,CiLON‚ĄĘ 25% GF FR PA66 Black,PA66,Kg,1,1,FIFO,1,1,0,1,0,0,,Calco Final FG QC
730C3001,ZiLITE‚ĄĘ 30% GF PBT Black,PBT,Kg,1,1,FIFO,1,1,0,1,0,0,,Calco Final FG QC
730C3381F,ZiLITE‚ĄĘ 30% GF + MF FR PBT Grey,PBT,Kg,1,1,FIFO,1,1,0,1,0,0,,Calco Final FG QC
710C1001,CiLON‚ĄĘ 15 % GF PA6 Black,PA6,Kg,1,1,FIFO,1,1,0,1,0,0,,Calco Final FG QC
720C1031,CiLON‚ĄĘ 15 % GF PA 66 Natural,PA66,Kg,1,1,FIFO,1,1,0,1,0,0,,Calco Final FG QC
740C5001,ZiLITE‚ĄĘ 50% GF PBT/PET Black,PBT,Kg,1,1,FIFO,1,1,0,1,0,0,,Calco Final FG QC
730C2002HS,ZiLITE‚ĄĘ 20 % GF PBT LED Black,PBT,Kg,1,1,FIFO,1,1,0,1,0,0,,Calco Final FG QC
721C3005F,CiLON‚ĄĘ 35% GF FR PA 66 Black,PA66,Kg,1,1,FIFO,1,1,0,1,0,0,,Calco Final FG QC
720C3005HS,CiLON‚ĄĘ 35% GF PA66 Heat Stabilized Black,PA66,Kg,1,1,FIFO,1,1,0,1,0,0,,Calco Final FG QC
710C1012,CiLON‚ĄĘ 15% GF PA6 RAL 9010 Ivory,PA6,Kg,1,1,FIFO,1,1,0,1,0,0,,Calco Final FG QC
500C2192A,HiLENE‚ĄĘ 20% TF PP White,PP,Kg,1,1,FIFO,1,1,0,1,0,0,,Calco Final FG QC
730C3003F,"ZiLITE‚ĄĘ 30% GF FR PBT, Black",PBT,Kg,1,1,FIFO,1,1,0,1,0,0,,Calco Final FG QC
730C3031F,ZiLITE‚ĄĘ 30% GF FR PBT Natural,PBT,Kg,1,1,FIFO,1,1,0,1,0,0,,Calco Final FG QC
740C3001,ZiLITE‚ĄĘ 30% GF PBT - PET Black,PBT,Kg,1,1,FIFO,1,1,0,1,0,0,,Calco Final FG QC
711C0085,CiLON‚ĄĘ UF PA6 Dark Grey,PA6,Kg,1,1,FIFO,1,1,0,1,0,0,,Calco Final FG QC
760C6001,PiCAN‚ĄĘ PC/ABS Black,Alloy,Kg,1,1,FIFO,1,1,0,1,0,0,,Calco Final FG QC
510C3293E,HiLENE‚ĄĘ Milky White PP Compound,PP,Kg,1,1,FIFO,1,1,0,1,0,0,,Calco Final FG QC
710C2031F,CiLON‚ĄĘ 20% GF FR PA6 Natural,PA6,Kg,1,1,FIFO,1,1,0,1,0,0,,Calco Final FG QC
710C5001,CiLON‚ĄĘ 50% GF PA6 Black,PA6,Kg,1,1,FIFO,1,1,0,1,0,0,,Calco Final FG QC
711C3006HF,CiLON‚ĄĘ 35% GF PA6 Black,PA6,Kg,1,1,FIFO,1,1,0,1,0,0,,Calco Final FG QC
721C3004,CiLON‚ĄĘ 30% GF PA66 Black,PA66,Kg,1,1,FIFO,1,1,0,1,0,0,,Calco Final FG QC
730C0001,"ZiLITE‚ĄĘ Unfilled PBT, Black",PBT,Kg,1,1,FIFO,1,1,0,1,0,0,,Calco Final FG QC
710C0062,CiLON‚ĄĘ UF PA6 Blue,PA6,Kg,1,1,FIFO,1,1,0,1,0,0,,Calco Final FG QC
710C3031W,CiLON‚ĄĘ 30% GF PA6 Natural,PA6,Kg,1,1,FIFO,1,1,0,1,0,0,,Calco Final FG QC
740C2181,ZiLITE‚ĄĘ 20% MF PBT+PET Grey,PBT,Kg,1,1,FIFO,1,1,0,1,0,0,,Calco Final FG QC
510C2102,HiLENE‚ĄĘ PP 20%TF Black,PP,Kg,1,1,FIFO,1,1,0,1,0,0,,Calco Final FG QC
710C3001HFHS,"CiLON‚ĄĘ 30% GF PA6 High Flow, Heat Stabilized Black",PA6,Kg,1,1,FIFO,1,1,0,1,0,0,,Calco Final FG QC
710C3023,CiLON‚ĄĘ 30% GF PA6 Red,PA6,Kg,1,1,FIFO,1,1,0,1,0,0,,Calco Final FG QC
711C4001F,CiLON‚ĄĘ 40% GF FR PA6 Black,PA6,Kg,1,1,FIFO,1,1,0,1,0,0,,Calco Final FG QC
500C2031,HiLENE‚ĄĘ 20 % GF PP Natural,PP,Kg,1,1,FIFO,1,1,0,1,0,0,,Calco Final FG QC
500C2191,HiLENE‚ĄĘ 15% TF PP White,PP,Kg,1,1,FIFO,1,1,0,1,0,0,,Calco Final FG QC
710C3003UV,CiLON‚ĄĘ 30% GF PA6 UV Stabilized Black,PA6,Kg,1,1,FIFO,1,1,0,1,0,0,,Calco Final FG QC
720C0002ST,CiLON‚ĄĘ UF PA66 Super Tough Black,PA66,Kg,1,1,FIFO,1,1,0,1,0,0,,Calco Final FG QC
720C0022ST,CiLON‚ĄĘ UF PA66 Super Tough Red,PA66,Kg,1,1,FIFO,1,1,0,1,0,0,,Calco Final FG QC
730C2031,ZiLITE‚ĄĘ 20 % GF PBT Natural,PBT,Kg,1,1,FIFO,1,1,0,1,0,0,,Calco Final FG QC
750C003160,PiCAN‚ĄĘ PC Diffuser 60E/M,Alloy,Kg,1,1,FIFO,1,1,0,1,0,0,,Calco Final FG QC
500C3301,HiLENE‚ĄĘ 15% TF + 15% GF PP Black,PP,Kg,1,1,FIFO,1,1,0,1,0,0,,Calco Final FG QC
710C3001S,CiLON‚ĄĘ 30% GF PA6 Satin Black,PA6,Kg,1,1,FIFO,1,1,0,1,0,0,,Calco Final FG QC
720C0001F,CiLON‚ĄĘ UF FR PA66 Reddish Black,PA66,Kg,1,1,FIFO,1,1,0,1,0,0,,Calco Final FG QC
720C0032,CiLON‚ĄĘ UF PA66 Natural,PA66,Kg,1,1,FIFO,1,1,0,1,0,0,,Calco Final FG QC
500C1031,HiLENE‚ĄĘ 15% GF PP Natural,PP,Kg,1,1,FIFO,1,1,0,1,0,0,,Calco Final FG QC
500C2221,HiLENE‚ĄĘ MF PP Red,PP,Kg,1,1,FIFO,1,1,0,1,0,0,,Calco Final FG QC
500C3001,HiLENE‚ĄĘ 30% GF PP Black,PP,Kg,1,1,FIFO,1,1,0,1,0,0,,Calco Final FG QC
500C3181F1,HiLENE‚ĄĘ 30% MF FR PP Grey,PP,Kg,1,1,FIFO,1,1,0,1,0,0,,Calco Final FG QC
510C3284,HiLENE‚ĄĘ 30 % TF PP Grey,PP,Kg,1,1,FIFO,1,1,0,1,0,0,,Calco Final FG QC
710C0001F,CiLON‚ĄĘ UF FR PA6 Black,PA6,Kg,1,1,FIFO,1,1,0,1,0,0,,Calco Final FG QC
710C3031F,"CiLON‚ĄĘ 30 % GF FR PA 6 Natural, Halogenated",PA6,Kg,1,1,FIFO,1,1,0,1,0,0,,Calco Final FG QC
711C5001,CiLON‚ĄĘ 50% GF PA6 Black,PA6,Kg,1,1,FIFO,1,1,0,1,0,0,,Calco Final FG QC
730C3361F,ZiLITE‚ĄĘ 30% GF FR PBT Sky Blue,PBT,Kg,1,1,FIFO,1,1,0,1,0,0,,Calco Final FG QC
740C2191,ZiLITE‚ĄĘ 20% MF PBT + PET White,PBT,Kg,1,1,FIFO,1,1,0,1,0,0,,Calco Final FG QC
750C0001,PiCAN‚ĄĘ UF PC Black,Alloy,Kg,1,1,FIFO,1,1,0,1,0,0,,Calco Final FG QC
900C0032,ABSiL‚ĄĘ UF ABS Natural,ABS,Kg,1,1,FIFO,1,1,0,1,0,0,,Calco Final FG QC
500C0031F,HiLENE‚ĄĘ Unfilled FR PP Natural,PP,Kg,1,1,FIFO,1,1,0,1,0,0,,Calco Final FG QC
500C4031,HiLENE‚ĄĘ 40% GF PP Natural,PP,Kg,1,1,FIFO,1,1,0,1,0,0,,Calco Final FG QC
710C0001UVS,CiLON‚ĄĘ UF PA6 UV Stabilized Black,PA6,Kg,1,1,FIFO,1,1,0,1,0,0,,Calco Final FG QC
730C0031F,ZiLITE‚ĄĘ UF FR PBT Natural,PBT,Kg,1,1,FIFO,1,1,0,1,0,0,,Calco Final FG QC
510C4301,HiLENE‚ĄĘ 25 % GF + 15% Mica Filled Black,PP,Kg,1,1,FIFO,1,1,0,1,0,0,,Calco Final FG QC
710C0022,CiLON‚ĄĘ UF PA6 Red,PA6,Kg,1,1,FIFO,1,1,0,1,0,0,,Calco Final FG QC
710C1011,CiLON‚ĄĘ 15% GF PA6 Brown,PA6,Kg,1,1,FIFO,1,1,0,1,0,0,,Calco Final FG QC
710C2082F1,CiLON‚ĄĘ 20% GF PA6 HF FR RAL7035 Grey,PA6,Kg,1,1,FIFO,1,1,0,1,0,0,,Calco Final FG QC
710C2082F2,CiLON‚ĄĘ 20% GF PA6 HF FR RAL7016 Grey,PA6,Kg,1,1,FIFO,1,1,0,1,0,0,,Calco Final FG QC
710C2311F,CiLON‚ĄĘ 20%MF + 5% GF FR PA6 RAL8016 Brown,PA6,Kg,1,1,FIFO,1,1,0,1,0,0,,Calco Final FG QC
710C3031F1,"CiLON‚ĄĘ 30% GF FR PA6 Natural, Halogen Free",PA6,Kg,1,1,FIFO,1,1,0,1,0,0,,Calco Final FG QC
711C3001,CiLON‚ĄĘ 30 % GF PA 6 Black,PA6,Kg,1,1,FIFO,1,1,0,1,0,0,,Calco Final FG QC
720C0001,CiLON‚ĄĘ UF PA66 Black,PA66,Kg,1,1,FIFO,1,1,0,1,0,0,,Calco Final FG QC
720C2001,CiLON‚ĄĘ 25% GF PA66 Black,PA66,Kg,1,1,FIFO,1,1,0,1,0,0,,Calco Final FG QC
720C3034HSHD,"CiLON‚ĄĘ 30% GF PA66 Heat Stabilized, Hydrolysis Resistance Natural",PA66,Kg,1,1,FIFO,1,1,0,1,0,0,,Calco Final FG QC
730C2093LS,ZiLITE‚ĄĘ 20% GF CFL White PBT,PBT,Kg,1,1,FIFO,1,1,0,1,0,0,,Calco Final FG QC
730C2094F,ZiLITE‚ĄĘ 20% GF FR CFL White PBT,PBT,Kg,1,1,FIFO,1,1,0,1,0,0,,Calco Final FG QC
760C0031,PiCAN‚ĄĘ PC+ABS ALLOY,Alloy,Kg,1,1,FIFO,1,1,0,1,0,0,,Calco Final FG QC
900C0001UVS,ABSiL‚ĄĘ UF ABS UV Stabilized Black,ABS,Kg,1,1,FIFO,1,1,0,1,0,0,,Calco Final FG QC
500C0001UV,HiLENE‚ĄĘ UF PP UV Stabilized Black,PP,Kg,1,1,FIFO,1,1,0,1,0,0,,Calco Final FG QC
500C0091,HiLENE‚ĄĘ Unfilled PP White,PP,Kg,1,1,FIFO,1,1,0,1,0,0,,Calco Final FG QC
500C0091F,HiLENE‚ĄĘ Unfilled PP FR White,PP,Kg,1,1,FIFO,1,1,0,1,0,0,,Calco Final FG QC
500C1001,HiLENE‚ĄĘ 10% GF PP Black,PP,Kg,1,1,FIFO,1,1,0,1,0,0,,Calco Final FG QC
500C1001HS,HiLENE‚ĄĘ 15% GF Chemically Coupled Heat Stabilized PP Black,PP,Kg,1,1,FIFO,1,1,0,1,0,0,,Calco Final FG QC
500C1131,HiLENE‚ĄĘ 10% TF PP Natural,PP,Kg,1,1,FIFO,1,1,0,1,0,0,,Calco Final FG QC
500C1151,HiLENE‚ĄĘ 15% TF PP Lemon Green,PP,Kg,1,1,FIFO,1,1,0,1,0,0,,Calco Final FG QC
500C1161,HiLENE‚ĄĘ 10% TF PP Navy Blue,PP,Kg,1,1,FIFO,1,1,0,1,0,0,,Calco Final FG QC
500C1181,HiLENE‚ĄĘ 10 % TF PP Mid Grey,PP,Kg,1,1,FIFO,1,1,0,1,0,0,,Calco Final FG QC
500C1182,HiLENE‚ĄĘ PP 10%GF Dark Grey,PP,Kg,1,1,FIFO,1,1,0,1,0,0,,Calco Final FG QC
500C1185,HiLENE‚ĄĘ PP Grey Compound,PP,Kg,1,1,FIFO,1,1,0,1,0,0,,Calco Final FG QC
500C1201,HiLENE‚ĄĘ 10% TF PP Black,PP,Kg,1,1,FIFO,1,1,0,1,0,0,,Calco Final FG QC
500C1231,HiLENE‚ĄĘ 10% TF PP Natural,PP,Kg,1,1,FIFO,1,1,0,1,0,0,,Calco Final FG QC
500C1232,HiLENE‚ĄĘ 15% TF PP Nat.,PP,Kg,1,1,FIFO,1,1,0,1,0,0,,Calco Final FG QC
500C1261,HiLENE‚ĄĘ PP Light Blue Compound,PP,Kg,1,1,FIFO,1,1,0,1,0,0,,Calco Final FG QC
500C1271,HiLENE‚ĄĘ PP Violet Compound,PP,Kg,1,1,FIFO,1,1,0,1,0,0,,Calco Final FG QC
500C1281,HiLENE‚ĄĘ PP Grey Compound,PP,Kg,1,1,FIFO,1,1,0,1,0,0,,Calco Final FG QC
500C1292,HiLENE‚ĄĘ MF PP IFB White,PP,Kg,1,1,FIFO,1,1,0,1,0,0,,Calco Final FG QC
500C1294,HiLENE‚ĄĘ Milky White PP Compound,PP,Kg,1,1,FIFO,1,1,0,1,0,0,,Calco Final FG QC
500C2001,HiLENE‚ĄĘ 20 % GF PP Black,PP,Kg,1,1,FIFO,1,1,0,1,0,0,,Calco Final FG QC
500C2001HS,HiLENE‚ĄĘ 20% GF PP Heat Stabiized Black,PP,Kg,1,1,FIFO,1,1,0,1,0,0,,Calco Final FG QC
500C2011,HiLENE‚ĄĘ 20% GF PP Beige,PP,Kg,1,1,FIFO,1,1,0,1,0,0,,Calco Final FG QC
500C2031H,HiLENE‚ĄĘ 20% GF PP Natural,PP,Kg,1,1,FIFO,1,1,0,1,0,0,,Calco Final FG QC
500C2111,HiLENE‚ĄĘ 20% TF PP Ivory,PP,Kg,1,1,FIFO,1,1,0,1,0,0,,Calco Final FG QC
500C2121,HiLENE‚ĄĘ 20% TF PP Red,PP,Kg,1,1,FIFO,1,1,0,1,0,0,,Calco Final FG QC
500C2122,HiLENE‚ĄĘ 20 % TF PP Cherry Red,PP,Kg,1,1,FIFO,1,1,0,1,0,0,,Calco Final FG QC
500C2123,HiLENE‚ĄĘ 20%TF PP Dark Pink,PP,Kg,1,1,FIFO,1,1,0,1,0,0,,Calco Final FG QC
500C2131,HiLENE‚ĄĘ 20% TF PP Natural,PP,Kg,1,1,FIFO,1,1,0,1,0,0,,Calco Final FG QC
500C2131F,HiLENE‚ĄĘ 20% MF FR PP Natural,PP,Kg,1,1,FIFO,1,1,0,1,0,0,,Calco Final FG QC
500C2132,HiLENE‚ĄĘ 20% TF PP Natural,PP,Kg,1,1,FIFO,1,1,0,1,0,0,,Calco Final FG QC
500C2201,HiLENE‚ĄĘ 20% MF PP Black,PP,Kg,1,1,FIFO,1,1,0,1,0,0,,Calco Final FG QC
500C2211,HiLENE‚ĄĘ PP 20% TF Beige,PP,Kg,1,1,FIFO,1,1,0,1,0,0,,Calco Final FG QC
500C2212,HiLENE‚ĄĘ 20% MF PP Ivory,PP,Kg,1,1,FIFO,1,1,0,1,0,0,,Calco Final FG QC
500C2231,HiLENE‚ĄĘ 20% MF PP Natural,PP,Kg,1,1,FIFO,1,1,0,1,0,0,,Calco Final FG QC
500C2251,HiLENE‚ĄĘ 20 % TF PP Lemon Green,PP,Kg,1,1,FIFO,1,1,0,1,0,0,,Calco Final FG QC
500C2261,HiLENE‚ĄĘ 20% MF PP Sky Blue,PP,Kg,1,1,FIFO,1,1,0,1,0,0,,Calco Final FG QC
500C2262,HiLENE‚ĄĘ MF PP Blue,PP,Kg,1,1,FIFO,1,1,0,1,0,0,,Calco Final FG QC
500C2263,HiLENE‚ĄĘ MF PP Navy Blue,PP,Kg,1,1,FIFO,1,1,0,1,0,0,,Calco Final FG QC
500C2281,HiLENE‚ĄĘ MF PP Grey Compound,PP,Kg,1,1,FIFO,1,1,0,1,0,0,,Calco Final FG QC
500C2292,HiLENE‚ĄĘ MF PP IFB White,PP,Kg,1,1,FIFO,1,1,0,1,0,0,,Calco Final FG QC
500C2293,HiLENE‚ĄĘ 20 % MF PP IFB White,PP,Kg,1,1,FIFO,1,1,0,1,0,0,,Calco Final FG QC
500C2295,HiLENE‚ĄĘ 25 % MF PP Opel White,PP,Kg,1,1,FIFO,1,1,0,1,0,0,,Calco Final FG QC
500C3101,HiLENE‚ĄĘ 30% TF PP Black,PP,Kg,1,1,FIFO,1,1,0,1,0,0,,Calco Final FG QC
500C3102,HiLENE‚ĄĘ 30% TF PP Compound Black,PP,Kg,1,1,FIFO,1,1,0,1,0,0,,Calco Final FG QC
500C3131,HiLENE‚ĄĘ 30 % TF PP Natural,PP,Kg,1,1,FIFO,1,1,0,1,0,0,,Calco Final FG QC
500C3131F,HiLENE‚ĄĘ 30% MF FR PP Natural,PP,Kg,1,1,FIFO,1,1,0,1,0,0,,Calco Final FG QC
500C3182,HiLENE‚ĄĘ 30% TF PP 6C Cool Grey,PP,Kg,1,1,FIFO,1,1,0,1,0,0,,Calco Final FG QC
500C3191F,HiLENE‚ĄĘ 30% TF PP FR White,PP,Kg,1,1,FIFO,1,1,0,1,0,0,,Calco Final FG QC
500C3201,HiLENE‚ĄĘ 30% MF PP Black,PP,Kg,1,1,FIFO,1,1,0,1,0,0,,Calco Final FG QC
500C3282,HiLENE‚ĄĘ 30% MF PP Grey,PP,Kg,1,1,FIFO,1,1,0,1,0,0,,Calco Final FG QC
500C3295,HiLENE‚ĄĘ 30% MF PP White,PP,Kg,1,1,FIFO,1,1,0,1,0,0,,Calco Final FG QC
500C4031HS,HiLENE‚ĄĘ 40% GF PP Heat Stabilized Natural,PP,Kg,1,1,FIFO,1,1,0,1,0,0,,Calco Final FG QC
501C2001,HiLENE‚ĄĘ 20% GF PP Black,PP,Kg,1,1,FIFO,1,1,0,1,0,0,,Calco Final FG QC
501C2101,HiLENE‚ĄĘ 20 % TF PP Black,PP,Kg,1,1,FIFO,1,1,0,1,0,0,,Calco Final FG QC
501C2102,HiLENE‚ĄĘ 20% TF PP Compound Black,PP,Kg,1,1,FIFO,1,1,0,1,0,0,,Calco Final FG QC
501C2281,HiLENE‚ĄĘ MF PP Dark Grey,PP,Kg,1,1,FIFO,1,1,0,1,0,0,,Calco Final FG QC
501C3001,HiLENE‚ĄĘ 30% GF PP Black,PP,Kg,1,1,FIFO,1,1,0,1,0,0,,Calco Final FG QC
501C3081,HiLENE‚ĄĘ 30%TF PP Metallic Grey,PP,Kg,1,1,FIFO,1,1,0,1,0,0,,Calco Final FG QC
501C3201,HiLENE‚ĄĘ 30% TF PP Compound Black,PP,Kg,1,1,FIFO,1,1,0,1,0,0,,Calco Final FG QC
501C3281,HiLENE‚ĄĘ Light Grey PP Compound,PP,Kg,1,1,FIFO,1,1,0,1,0,0,,Calco Final FG QC
501C3282,HiLENE‚ĄĘ Dark Grey PP Compound,PP,Kg,1,1,FIFO,1,1,0,1,0,0,,Calco Final FG QC
501C3286,HiLENE‚ĄĘ 30% MF PP Light Grey,PP,Kg,1,1,FIFO,1,1,0,1,0,0,,Calco Final FG QC
510C0002,HiLENE‚ĄĘ UF PP Black,PP,Kg,1,1,FIFO,1,1,0,1,0,0,,Calco Final FG QC
510C0031F,HiLENE‚ĄĘ UF FR PP Natural,PP,Kg,1,1,FIFO,1,1,0,1,0,0,,Calco Final FG QC
510C0041F,HiLENE‚ĄĘ UF FR PP Yellow,PP,Kg,1,1,FIFO,1,1,0,1,0,0,,Calco Final FG QC
510C0081,HiLENE‚ĄĘ UF PP Dark Grey,PP,Kg,1,1,FIFO,1,1,0,1,0,0,,Calco Final FG QC
510C0091F,HiLENE‚ĄĘ UF FR PP White,PP,Kg,1,1,FIFO,1,1,0,1,0,0,,Calco Final FG QC
510C1101IM,HiLENE‚ĄĘ 10% TF IM PP Ebony Black,PP,Kg,1,1,FIFO,1,1,0,1,0,0,,Calco Final FG QC
510C1102,HiLENE‚ĄĘ 10% TF PP Black,PP,Kg,1,1,FIFO,1,1,0,1,0,0,,Calco Final FG QC
510C1111,HiLENE‚ĄĘ MF PP Beige,PP,Kg,1,1,FIFO,1,1,0,1,0,0,,Calco Final FG QC
510C1181,HiLENE‚ĄĘ 10% TF PP Dark Grey,PP,Kg,1,1,FIFO,1,1,0,1,0,0,,Calco Final FG QC
510C1191,HiLENE‚ĄĘ 10 % TF PP Opel White,PP,Kg,1,1,FIFO,1,1,0,1,0,0,,Calco Final FG QC
510C1192,HiLENE‚ĄĘ 15% TF PP White,PP,Kg,1,1,FIFO,1,1,0,1,0,0,,Calco Final FG QC
510C1291IM,HiLENE‚ĄĘ 15% MF IM PP White,PP,Kg,1,1,FIFO,1,1,0,1,0,0,,Calco Final FG QC
510C2001,HiLENE‚ĄĘ 20% GF PP Black,PP,Kg,1,1,FIFO,1,1,0,1,0,0,,Calco Final FG QC
510C2101,HiLENE‚ĄĘ 20% TF PP Black,PP,Kg,1,1,FIFO,1,1,0,1,0,0,,Calco Final FG QC
510C2103,HiLENE‚ĄĘ 22% TF PP Black,PP,Kg,1,1,FIFO,1,1,0,1,0,0,,Calco Final FG QC
510C2131,HiLENE‚ĄĘ 20% TF PP Natural,PP,Kg,1,1,FIFO,1,1,0,1,0,0,,Calco Final FG QC
510C2181,HiLENE‚ĄĘ 20% TF PP Grey,PP,Kg,1,1,FIFO,1,1,0,1,0,0,,Calco Final FG QC
510C2191,HiLENE‚ĄĘ 20% TF PP White,PP,Kg,1,1,FIFO,1,1,0,1,0,0,,Calco Final FG QC
510C2193,HiLENE‚ĄĘ 20% TF PP White,PP,Kg,1,1,FIFO,1,1,0,1,0,0,,Calco Final FG QC
510C2193N,HiLENE‚ĄĘ 20% TF PP White,PP,Kg,1,1,FIFO,1,1,0,1,0,0,,Calco Final FG QC
510C2231,HiLENE‚ĄĘ 20% MF PP Natural,PP,Kg,1,1,FIFO,1,1,0,1,0,0,,Calco Final FG QC
510C2281,HiLENE‚ĄĘ 20% MF PP Dark Grey,PP,Kg,1,1,FIFO,1,1,0,1,0,0,,Calco Final FG QC
510C2292,HiLENE‚ĄĘ 20 % MF PP White,PP,Kg,1,1,FIFO,1,1,0,1,0,0,,Calco Final FG QC
510C2293,HiLENE‚ĄĘ 20% MF PP White,PP,Kg,1,1,FIFO,1,1,0,1,0,0,,Calco Final FG QC
510C2294,HiLENE‚ĄĘ 20% MF PP White,PP,Kg,1,1,FIFO,1,1,0,1,0,0,,Calco Final FG QC
510C2295,HiLENE‚ĄĘ 20% MF PP White,PP,Kg,1,1,FIFO,1,1,0,1,0,0,,Calco Final FG QC
510C3001,HiLENE‚ĄĘ 30% GF PP Black,PP,Kg,1,1,FIFO,1,1,0,1,0,0,,Calco Final FG QC
510C3041,HiLENE‚ĄĘ 30% GF PP Yellow,PP,Kg,1,1,FIFO,1,1,0,1,0,0,,Calco Final FG QC
510C3081,HiLENE‚ĄĘ 30% GF PP Dark Grey,PP,Kg,1,1,FIFO,1,1,0,1,0,0,,Calco Final FG QC
510C3101HS,"HiLENE‚ĄĘ 30% TF PP Black, Heat Stabilized",PP,Kg,1,1,FIFO,1,1,0,1,0,0,,Calco Final FG QC
510C3131,HiLENE‚ĄĘ 30% TF PP Natural,PP,Kg,1,1,FIFO,1,1,0,1,0,0,,Calco Final FG QC
510C3191,HiLENE‚ĄĘ 30% TF PP White,PP,Kg,1,1,FIFO,1,1,0,1,0,0,,Calco Final FG QC
510C3231,HiLENE‚ĄĘ PP 30% MF Natural,PP,Kg,1,1,FIFO,1,1,0,1,0,0,,Calco Final FG QC
510C3251,HiLENE‚ĄĘ PP 30% TF Havells Green,PP,Kg,1,1,FIFO,1,1,0,1,0,0,,Calco Final FG QC
510C3281,HiLENE‚ĄĘ Met. Grey PP Compound,PP,Kg,1,1,FIFO,1,1,0,1,0,0,,Calco Final FG QC
510C3282,HiLENE‚ĄĘ Light Grey,PP,Kg,1,1,FIFO,1,1,0,1,0,0,,Calco Final FG QC
510C3283,HiLENE‚ĄĘ Dark Grey,PP,Kg,1,1,FIFO,1,1,0,1,0,0,,Calco Final FG QC
510C3285,HiLENE‚ĄĘ PP Dark Grey Compound,PP,Kg,1,1,FIFO,1,1,0,1,0,0,,Calco Final FG QC
510C3286,HiLENE‚ĄĘ PP Light Grey Compound,PP,Kg,1,1,FIFO,1,1,0,1,0,0,,Calco Final FG QC
510C3291,HiLENE‚ĄĘ Milky White PP Compound,PP,Kg,1,1,FIFO,1,1,0,1,0,0,,Calco Final FG QC
510C3292,HiLENE‚ĄĘ Milky White PP Compound,PP,Kg,1,1,FIFO,1,1,0,1,0,0,,Calco Final FG QC
510C3293,HiLENE‚ĄĘ Milky White PP Compound,PP,Kg,1,1,FIFO,1,1,0,1,0,0,,Calco Final FG QC
510C3293L,HiLENE‚ĄĘ Milky White PP Compound,PP,Kg,1,1,FIFO,1,1,0,1,0,0,,Calco Final FG QC
510C3294,HiLENE‚ĄĘ IFB White PP Compound,PP,Kg,1,1,FIFO,1,1,0,1,0,0,,Calco Final FG QC
510C3294E,HiLENE‚ĄĘ Milky White PP Compound,PP,Kg,1,1,FIFO,1,1,0,1,0,0,,Calco Final FG QC
510C3294L,HiLENE‚ĄĘ Milky White PP Compound,PP,Kg,1,1,FIFO,1,1,0,1,0,0,,Calco Final FG QC
510C3295,HiLENE‚ĄĘ PP Milky White,PP,Kg,1,1,FIFO,1,1,0,1,0,0,,Calco Final FG QC
510C3295E,HiLENE‚ĄĘ 30% MF PP B. White,PP,Kg,1,1,FIFO,1,1,0,1,0,0,,Calco Final FG QC
510C3296,HiLENE‚ĄĘ PP Compound MJ White,PP,Kg,1,1,FIFO,1,1,0,1,0,0,,Calco Final FG QC
510C3296A,HiLENE‚ĄĘ PP Compound MJ White,PP,Kg,1,1,FIFO,1,1,0,1,0,0,,Calco Final FG QC
510C3296B,HiLENE‚ĄĘ Milky White PP Compound,PP,Kg,1,1,FIFO,1,1,0,1,0,0,,Calco Final FG QC
510C3299,HiLENE‚ĄĘ 30 % MF PP White,PP,Kg,1,1,FIFO,1,1,0,1,0,0,,Calco Final FG QC
510C4131,HiLENE‚ĄĘ 40% TF PP Natural,PP,Kg,1,1,FIFO,1,1,0,1,0,0,,Calco Final FG QC
510C4191,HiLENE‚ĄĘ 40% TF PP Milky White,PP,Kg,1,1,FIFO,1,1,0,1,0,0,,Calco Final FG QC
510C4193N,HiLENE‚ĄĘ 40% TF PP White,PP,Kg,1,1,FIFO,1,1,0,1,0,0,,Calco Final FG QC
510C5391,HiLENE‚ĄĘ PP CFL White,PP,Kg,1,1,FIFO,1,1,0,1,0,0,,Calco Final FG QC
521C3031,HiLENE‚ĄĘ PP 30%GF Natural,PP,Kg,1,1,FIFO,1,1,0,1,0,0,,Calco Final FG QC
710C0001LS,CiLON‚ĄĘ UF PA6 Black,PA6,Kg,1,1,FIFO,1,1,0,1,0,0,,Calco Final FG QC
710C0001M,CiLON‚ĄĘ UF PA6 Black,PA6,Kg,1,1,FIFO,1,1,0,1,0,0,,Calco Final FG QC
710C0002,CiLON‚ĄĘ UF PA6 Black,PA6,Kg,1,1,FIFO,1,1,0,1,0,0,,Calco Final FG QC
710C0003,CiLON‚ĄĘ IM UF PA6 Black,PA6,Kg,1,1,FIFO,1,1,0,1,0,0,,Calco Final FG QC
710C0004,CiLON‚ĄĘ UF PA6 BLACK,PA6,Kg,1,1,FIFO,1,1,0,1,0,0,,Calco Final FG QC
710C0021,CiLON‚ĄĘ Unfilled PA 6 Red,PA6,Kg,1,1,FIFO,1,1,0,1,0,0,,Calco Final FG QC
710C0024,CiLON‚ĄĘ UF PA6 Brown,PA6,Kg,1,1,FIFO,1,1,0,1,0,0,,Calco Final FG QC
710C0025,CiLON‚ĄĘ Unfilled PA6 Red,PA6,Kg,1,1,FIFO,1,1,0,1,0,0,,Calco Final FG QC
710C0026,CiLON‚ĄĘ UF PA6 Red,PA6,Kg,1,1,FIFO,1,1,0,1,0,0,,Calco Final FG QC
710C0031F,"CiLON‚ĄĘ Unfilled FR PA 6 Natural, Halogen & Phosphorus Free",PA6,Kg,1,1,FIFO,1,1,0,1,0,0,,Calco Final FG QC
710C0031HS,"CiLON‚ĄĘ UF PA6 Natural, Heat Stabilized",PA6,Kg,1,1,FIFO,1,1,0,1,0,0,,Calco Final FG QC
710C0032,CiLON‚ĄĘ PA6 UNFILLED NATURAL,PA6,Kg,1,1,FIFO,1,1,0,1,0,0,,Calco Final FG QC
710C0033,CiLON‚ĄĘ PA6 Unfilled Natural RV3,PA6,Kg,1,1,FIFO,1,1,0,1,0,0,,Calco Final FG QC
710C0041,CiLON‚ĄĘ Unfilled PA 6 Yellow,PA6,Kg,1,1,FIFO,1,1,0,1,0,0,,Calco Final FG QC
710C0042,CiLON‚ĄĘ UF PA6 Yellow,PA6,Kg,1,1,FIFO,1,1,0,1,0,0,,Calco Final FG QC
710C0043,CiLON‚ĄĘ UF PA6 Light Yellow,PA6,Kg,1,1,FIFO,1,1,0,1,0,0,,Calco Final FG QC
710C0044,CiLON‚ĄĘ UF PA6 Yellow,PA6,Kg,1,1,FIFO,1,1,0,1,0,0,,Calco Final FG QC
710C0051F,CiLON‚ĄĘ UF FR PA6 Green,PA6,Kg,1,1,FIFO,1,1,0,1,0,0,,Calco Final FG QC
710C0061,CiLON‚ĄĘ Unfilled PA 6 Blue,PA6,Kg,1,1,FIFO,1,1,0,1,0,0,,Calco Final FG QC
710C0061F,"CiLON‚ĄĘ Unfilled FR PA 6 Blue, Halogen Free Compound",PA6,Kg,1,1,FIFO,1,1,0,1,0,0,,Calco Final FG QC
710C0062F,"CiLON‚ĄĘ UF FR PA6 Blue, Halogen Free Compound",PA6,Kg,1,1,FIFO,1,1,0,1,0,0,,Calco Final FG QC
710C0063,CiLON‚ĄĘ UF PA6 Blue,PA6,Kg,1,1,FIFO,1,1,0,1,0,0,,Calco Final FG QC
710C0064,CiLON‚ĄĘ UF PA6 UV Stabilized Blue,PA6,Kg,1,1,FIFO,1,1,0,1,0,0,,Calco Final FG QC
710C0084,CiLON‚ĄĘ UF PA6 Grey,PA6,Kg,1,1,FIFO,1,1,0,1,0,0,,Calco Final FG QC
710C0091,CiLON‚ĄĘ PA6 UF Milky White,PA6,Kg,1,1,FIFO,1,1,0,1,0,0,,Calco Final FG QC
710C0091F,CiLON‚ĄĘ PA6 UF FR Bluish White,PA6,Kg,1,1,FIFO,1,1,0,1,0,0,,Calco Final FG QC
710C0092F,CiLON‚ĄĘ Unfilled FR PA6 White,PA6,Kg,1,1,FIFO,1,1,0,1,0,0,,Calco Final FG QC
710C1001E,CiLON‚ĄĘ 15% GF PA6 Ebony Black,PA6,Kg,1,1,FIFO,1,1,0,1,0,0,,Calco Final FG QC
710C1001F,CiLON‚ĄĘ 5% GF FR PA6 Black,PA6,Kg,1,1,FIFO,1,1,0,1,0,0,,Calco Final FG QC
710C1001HS,CiLON‚ĄĘ 15% GF PA6 Heat Stabilized Black,PA6,Kg,1,1,FIFO,1,1,0,1,0,0,,Calco Final FG QC
710C1002,CiLON‚ĄĘ 15% GF PA6 Black,PA6,Kg,1,1,FIFO,1,1,0,1,0,0,,Calco Final FG QC
710C1021,CiLON‚ĄĘ 15% GF PA6 Red,PA6,Kg,1,1,FIFO,1,1,0,1,0,0,,Calco Final FG QC
710C1031IMV,CiLON‚ĄĘ 15% GF Impact Modified UVS Natural,PA6,Kg,1,1,FIFO,1,1,0,1,0,0,,Calco Final FG QC
710C1041,CiLON‚ĄĘ 15 % GF PA6 Yellow,PA6,Kg,1,1,FIFO,1,1,0,1,0,0,,Calco Final FG QC
710C1061,CiLON‚ĄĘ 15 % GF PA6 Blue,PA6,Kg,1,1,FIFO,1,1,0,1,0,0,,Calco Final FG QC
710C1081,CiLON‚ĄĘ 15 % GF PA6 Asian Grey,PA6,Kg,1,1,FIFO,1,1,0,1,0,0,,Calco Final FG QC
710C1091,CiLON‚ĄĘ 15 % GF PA6 Milky White,PA6,Kg,1,1,FIFO,1,1,0,1,0,0,,Calco Final FG QC
710C1092,CiLON‚ĄĘ 15% GF PA6 LED ALLOY,PA6,Kg,1,1,FIFO,1,1,0,1,0,0,,Calco Final FG QC
710C1531,CiLON‚ĄĘ N6 PTFE Filled Natural,PA6,Kg,1,1,FIFO,1,1,0,1,0,0,,Calco Final FG QC
710C2001,CiLON‚ĄĘ 20% GF PA6 Black,PA6,Kg,1,1,FIFO,1,1,0,1,0,0,,Calco Final FG QC
710C2001F,CiLON‚ĄĘ 20% GF FR PA 6 Black,PA6,Kg,1,1,FIFO,1,1,0,1,0,0,,Calco Final FG QC
710C2002F,CiLON‚ĄĘ 25% GF FR PA6 Black,PA6,Kg,1,1,FIFO,1,1,0,1,0,0,,Calco Final FG QC
710C2003F,CiLON‚ĄĘ 20% GF FR PA6 BLACK,PA6,Kg,1,1,FIFO,1,1,0,1,0,0,,Calco Final FG QC
710C2031,CiLON‚ĄĘ 25%GF PA6 Natural,PA6,Kg,1,1,FIFO,1,1,0,1,0,0,,Calco Final FG QC
710C2032,CiLON‚ĄĘ 22% GF PA6 Natural,PA6,Kg,1,1,FIFO,1,1,0,1,0,0,,Calco Final FG QC
710C2032F,CiLON‚ĄĘ 20% GF FR PA6 NATURAL,PA6,Kg,1,1,FIFO,1,1,0,1,0,0,,Calco Final FG QC
710C2032H,CiLON‚ĄĘ 20% GF PA6 Natural,PA6,Kg,1,1,FIFO,1,1,0,1,0,0,,Calco Final FG QC
710C2051,CiLON‚ĄĘ 25% GF PA6 Green,PA6,Kg,1,1,FIFO,1,1,0,1,0,0,,Calco Final FG QC
710C2081F,CiLON‚ĄĘ 20 % GF FR PA 6 Grey,PA6,Kg,1,1,FIFO,1,1,0,1,0,0,,Calco Final FG QC
710C2081F2,CiLON‚ĄĘ 20% GF FR PA6 Cool Grey,PA6,Kg,1,1,FIFO,1,1,0,1,0,0,,Calco Final FG QC
710C2082F,CiLON‚ĄĘ 20% GF FR PA6 UV Grey,PA6,Kg,1,1,FIFO,1,1,0,1,0,0,,Calco Final FG QC
710C2083F,CiLON‚ĄĘ 20% GF FR PA6 GREY,PA6,Kg,1,1,FIFO,1,1,0,1,0,0,,Calco Final FG QC
710C2084F,CiLON‚ĄĘ 20% GF FR PA6 RAL7012 Grey,PA6,Kg,1,1,FIFO,1,1,0,1,0,0,,Calco Final FG QC
710C2085F,CiLON‚ĄĘ 20% GF FR PA6 RAL7016 Grey,PA6,Kg,1,1,FIFO,1,1,0,1,0,0,,Calco Final FG QC
710C2091F,CiLON‚ĄĘ 20% GF FR PA6 White,PA6,Kg,1,1,FIFO,1,1,0,1,0,0,,Calco Final FG QC
710C2093F,CiLON‚ĄĘ 20% GF FR PA6 White,PA6,Kg,1,1,FIFO,1,1,0,1,0,0,,Calco Final FG QC
710C2281F,CiLON‚ĄĘ 25% MF FR PA6 Grey,PA6,Kg,1,1,FIFO,1,1,0,1,0,0,,Calco Final FG QC
710C2293F4,CiLON‚ĄĘ 20% MF FR PA6 RAL9003 White,PA6,Kg,1,1,FIFO,1,1,0,1,0,0,,Calco Final FG QC
710C2381F,CiLON‚ĄĘ 20%MF+5%GF FR PA6 Grey,PA6,Kg,1,1,FIFO,1,1,0,1,0,0,,Calco Final FG QC
710C2381FF,CiLON‚ĄĘ 20% MF+5% GF FR PA6 Grey,PA6,Kg,1,1,FIFO,1,1,0,1,0,0,,Calco Final FG QC
710C2382F,CiLON‚ĄĘ 25% MF FR PA6 Grey,PA6,Kg,1,1,FIFO,1,1,0,1,0,0,,Calco Final FG QC
710C2382F1,CiLON‚ĄĘ 25% MF FR PA6 Grey,PA6,Kg,1,1,FIFO,1,1,0,1,0,0,,Calco Final FG QC
710C2382F3,CiLON‚ĄĘ 20% MF FR PA6 Grey,PA6,Kg,1,1,FIFO,1,1,0,1,0,0,,Calco Final FG QC
710C2383F,CiLON‚ĄĘ 25% MF FR PA6 Grey,PA6,Kg,1,1,FIFO,1,1,0,1,0,0,,Calco Final FG QC
710C2383F5,CiLON‚ĄĘ 20% MF + 5% GF FR PA6 Cool Grey,PA6,Kg,1,1,FIFO,1,1,0,1,0,0,,Calco Final FG QC
710C2383F6,CiLON‚ĄĘ 20% MF + 5% GF FR PA6 Goldmedal Grey,PA6,Kg,1,1,FIFO,1,1,0,1,0,0,,Calco Final FG QC
710C2383F7,CiLON‚ĄĘ 20% MF + 5% GF FR PA6 Vihan Grey,PA6,Kg,1,1,FIFO,1,1,0,1,0,0,,Calco Final FG QC
710C2383F8,CiLON‚ĄĘ 20% MF + 5% GF FR PA6 Daspan White,PA6,Kg,1,1,FIFO,1,1,0,1,0,0,,Calco Final FG QC
710C2383FF,CiLON‚ĄĘ 20% MF+5% GF FR PA6 Grey,PA6,Kg,1,1,FIFO,1,1,0,1,0,0,,Calco Final FG QC
710C2384F,CiLON‚ĄĘ 25% MF FR PA6 Grey,PA6,Kg,1,1,FIFO,1,1,0,1,0,0,,Calco Final FG QC
710C2385F,CiLON‚ĄĘ 25% MF FR PA6 Grey,PA6,Kg,1,1,FIFO,1,1,0,1,0,0,,Calco Final FG QC
710C2386F(N),CiLON‚ĄĘ 25% MF FR PA6 New Vihan Grey,PA6,Kg,1,1,FIFO,1,1,0,1,0,0,,Calco Final FG QC
710C2391F,CiLON‚ĄĘ 25% MF FR PA6 White,PA6,Kg,1,1,FIFO,1,1,0,1,0,0,,Calco Final FG QC
710C2392F,CiLON‚ĄĘ 25% MF FR PA6 White,PA6,Kg,1,1,FIFO,1,1,0,1,0,0,,Calco Final FG QC
710C2392F1,CiLON‚ĄĘ 25% MF FR PA6 White,PP,Kg,1,1,FIFO,1,1,0,1,0,0,,Calco Final FG QC
710C2393F,CiLON‚ĄĘ 25% MF FR PA6 White,PA6,Kg,1,1,FIFO,1,1,0,1,0,0,,Calco Final FG QC
710C2394F,CiLON‚ĄĘ 25% MF FR PA6 Syska White,PA6,Kg,1,1,FIFO,1,1,0,1,0,0,,Calco Final FG QC
710C2395F,CiLON‚ĄĘ 20% MF + 5%GF FR PA6 White,PA6,Kg,1,1,FIFO,1,1,0,1,0,0,,Calco Final FG QC
710C3001,CiLON‚ĄĘ PA6 30% GF Pre colored Black,PA6,Kg,1,1,FIFO,1,1,0,1,0,0,,Calco Final FG QC
710C3001E2,CiLON‚ĄĘ 30% GF PA6 Black,PA6,Kg,1,1,FIFO,1,1,0,1,0,0,,Calco Final FG QC
710C3001EL,CiLON‚ĄĘ 30% GF PA6 Black,PA6,Kg,1,1,FIFO,1,1,0,1,0,0,,Calco Final FG QC
710C3001F,CiLON‚ĄĘ 30 % GF FR PA 6 Black,PA6,Kg,1,1,FIFO,1,1,0,1,0,0,,Calco Final FG QC
710C3001IM,CiLON‚ĄĘ 30% GF PA6 Impact Modifier Black,PA6,Kg,1,1,FIFO,1,1,0,1,0,0,,Calco Final FG QC
710C3001N,CiLON‚ĄĘ 30% GF PA6 Black,PA6,Kg,1,1,FIFO,1,1,0,1,0,0,,Calco Final FG QC
710C3001N TRIAL,CiLON‚ĄĘ 30% GF PA6 Black,PA6,Kg,1,1,FIFO,1,1,0,1,0,0,,Calco Final FG QC
710C3001ST,CiLON‚ĄĘ 30% GF PA6 Super Tough Black,PA6,Kg,1,1,FIFO,1,1,0,1,0,0,,Calco Final FG QC
710C3001UVS TRIAL,CiLON‚ĄĘ 30% GF PA6 Black UV Stabilized,PA6,Kg,1,1,FIFO,1,1,0,1,0,0,,Calco Final FG QC
710C3002,CiLON‚ĄĘ PA6 30% GF PA6 Black,PA6,Kg,1,1,FIFO,1,1,0,1,0,0,,Calco Final FG QC
710C3003F,CiLON‚ĄĘ 30% GF FR PA6 Black,PA6,Kg,1,1,FIFO,1,1,0,1,0,0,,Calco Final FG QC
710C3011,CiLON‚ĄĘ 30 % GF PA 6 Beige,PA6,Kg,1,1,FIFO,1,1,0,1,0,0,,Calco Final FG QC
710C3012,CiLON‚ĄĘ 30% GF PA6 Beige,PA6,Kg,1,1,FIFO,1,1,0,1,0,0,,Calco Final FG QC
710C3014,CiLON‚ĄĘ 30% GF PA6 Brown,PA6,Kg,1,1,FIFO,1,1,0,1,0,0,,Calco Final FG QC
710C3021,CiLON‚ĄĘ 30 % GF PA6 Pink,PA6,Kg,1,1,FIFO,1,1,0,1,0,0,,Calco Final FG QC
710C3022,CiLON‚ĄĘ 30% GF PA6 Red,PA6,Kg,1,1,FIFO,1,1,0,1,0,0,,Calco Final FG QC
710C3024,CiLON‚ĄĘ 30% GF PA6 Red,PA6,Kg,1,1,FIFO,1,1,0,1,0,0,,Calco Final FG QC
710C3025,CiLON‚ĄĘ 30% GF PA6 RAL 3026 Red,PA6,Kg,1,1,FIFO,1,1,0,1,0,0,,Calco Final FG QC
710C3026,CiLON‚ĄĘ 30% GF PA6 RAL 2009 Orange,PA6,Kg,1,1,FIFO,1,1,0,1,0,0,,Calco Final FG QC
710C3027,CiLON‚ĄĘ 30% GF PA6 Red,PA6,Kg,1,1,FIFO,1,1,0,1,0,0,,Calco Final FG QC
710C3031HF,CiLON‚ĄĘ 30% GF PA6 High Flow Natural,PA6,Kg,1,1,FIFO,1,1,0,1,0,0,,Calco Final FG QC
710C3031HS,CiLON‚ĄĘ 30% GF PA6 Heat Stabilized Natural,PA6,Kg,1,1,FIFO,1,1,0,1,0,0,,Calco Final FG QC
710C3031IM,CiLON‚ĄĘ 30% GF PA6 Impact Modifier Natural,PA6,Kg,1,1,FIFO,1,1,0,1,0,0,,Calco Final FG QC
710C3032,CiLON‚ĄĘ 35% GF PA6 Natural,PA6,Kg,1,1,FIFO,1,1,0,1,0,0,,Calco Final FG QC
710C3041,CiLON‚ĄĘ 30% GF PA6 Yellow,PA6,Kg,1,1,FIFO,1,1,0,1,0,0,,Calco Final FG QC
710C3042,CiLON‚ĄĘ 30% GF PA6 Yellow,PA6,Kg,1,1,FIFO,1,1,0,1,0,0,,Calco Final FG QC
710C3051,CiLON‚ĄĘ 30% GF PA6Green,PA6,Kg,1,1,FIFO,1,1,0,1,0,0,,Calco Final FG QC
710C3052,CiLON‚ĄĘ 30% GF PA6 Light Green,PA6,Kg,1,1,FIFO,1,1,0,1,0,0,,Calco Final FG QC
710C3053,CiLON‚ĄĘ 30% GF PA6 RAL 6038 Green,PA6,Kg,1,1,FIFO,1,1,0,1,0,0,,Calco Final FG QC
710C3054,CiLON‚ĄĘ 30% GF PA6 Green,PA6,Kg,1,1,FIFO,1,1,0,1,0,0,,Calco Final FG QC
710C3061,CiLON‚ĄĘ 30%GF PA6 Blue,PA6,Kg,1,1,FIFO,1,1,0,1,0,0,,Calco Final FG QC
710C3062,CiLON‚ĄĘ 30% GF PA6 Blue,PA6,Kg,1,1,FIFO,1,1,0,1,0,0,,Calco Final FG QC
710C3063,CiLON‚ĄĘ 30% GF PA6 Blue,PA6,Kg,1,1,FIFO,1,1,0,1,0,0,,Calco Final FG QC
710C3064,CiLON‚ĄĘ 30% GF PA6 Dark Blue,PA6,Kg,1,1,FIFO,1,1,0,1,0,0,,Calco Final FG QC
710C3065,CiLON‚ĄĘ 30% GF PA6 BLUE,PA6,Kg,1,1,FIFO,1,1,0,1,0,0,,Calco Final FG QC
710C3071,CiLON‚ĄĘ 30% GF PA6 Violet,PA6,Kg,1,1,FIFO,1,1,0,1,0,0,,Calco Final FG QC
710C3081F,CiLON‚ĄĘ 30% GF FR PA6 Grey,PA6,Kg,1,1,FIFO,1,1,0,1,0,0,,Calco Final FG QC
710C3081F1,CiLON‚ĄĘ 30% GF FR PA6 RAL7035 Grey,PA6,Kg,1,1,FIFO,1,1,0,1,0,0,,Calco Final FG QC
710C3081F2,CiLON‚ĄĘ 30% GF FR PA6 RAL7016Grey,PA6,Kg,1,1,FIFO,1,1,0,1,0,0,,Calco Final FG QC
710C3082,CiLON‚ĄĘ 30 % GF PA 6 Grey,PA6,Kg,1,1,FIFO,1,1,0,1,0,0,,Calco Final FG QC
710C3082F,CiLON‚ĄĘ 30 % GF FR PA 6 Grey,PA6,Kg,1,1,FIFO,1,1,0,1,0,0,,Calco Final FG QC
710C3083,CiLON‚ĄĘ 30 % GF PA 6 Grey,PA6,Kg,1,1,FIFO,1,1,0,1,0,0,,Calco Final FG QC
710C3083F,CiLON‚ĄĘ 30% GF FR PA6 Grey,PA6,Kg,1,1,FIFO,1,1,0,1,0,0,,Calco Final FG QC
710C3084,CiLON‚ĄĘ 30 % GF PA 6 Grey,PA6,Kg,1,1,FIFO,1,1,0,1,0,0,,Calco Final FG QC
710C3084F,CiLON‚ĄĘ 30% GF FR PA6 Grey,PA6,Kg,1,1,FIFO,1,1,0,1,0,0,,Calco Final FG QC
710C3085,CiLON‚ĄĘ 30% GF PA6 Gey,PA6,Kg,1,1,FIFO,1,1,0,1,0,0,,Calco Final FG QC
710C3085F,CiLON‚ĄĘ 30% GF FR PA6 GREY,PA6,Kg,1,1,FIFO,1,1,0,1,0,0,,Calco Final FG QC
710C3086,CiLON‚ĄĘ 30 % GF PA 6 Grey,PA6,Kg,1,1,FIFO,1,1,0,1,0,0,,Calco Final FG QC
710C3088,CiLON‚ĄĘ 30%GF PA6 Grey,PA6,Kg,1,1,FIFO,1,1,0,1,0,0,,Calco Final FG QC
710C3088A,CiLON‚ĄĘ 30% GF PA6 Ash Grey,PA6,Kg,1,1,FIFO,1,1,0,1,0,0,,Calco Final FG QC
710C3089,CiLON‚ĄĘ 30% GF PA6 RAL7035 Grey,PA6,Kg,1,1,FIFO,1,1,0,1,0,0,,Calco Final FG QC
710C3091,CiLON‚ĄĘ 30% GF White,PA6,Kg,1,1,FIFO,1,1,0,1,0,0,,Calco Final FG QC
710C3091F,CiLON‚ĄĘ 30% GF FR PA6 G White,PA6,Kg,1,1,FIFO,1,1,0,1,0,0,,Calco Final FG QC
710C3092F,CiLON‚ĄĘ 30% GF FR PA6 White,PA6,Kg,1,1,FIFO,1,1,0,1,0,0,,Calco Final FG QC
710C3181,CiLON‚ĄĘ 30% MF PA6 GREY,PA6,Kg,1,1,FIFO,1,1,0,1,0,0,,Calco Final FG QC
710C3301A,CiLON‚ĄĘ 15%MF + 15%GF PA6 Black,PA6,Kg,1,1,FIFO,1,1,0,1,0,0,,Calco Final FG QC
710C4001,CiLON‚ĄĘ 40% GF PA6 Black,PA6,Kg,1,1,FIFO,1,1,0,1,0,0,,Calco Final FG QC
710C4031,CiLON‚ĄĘ 40% GF PA6 Natural,PA6,Kg,1,1,FIFO,1,1,0,1,0,0,,Calco Final FG QC
710C4191,CiLON‚ĄĘ 40% MF PA6 White,PA6,Kg,1,1,FIFO,1,1,0,1,0,0,,Calco Final FG QC
710C4301,CiLON‚ĄĘ 40% GF+MF PA6 Black,PA6,Kg,1,1,FIFO,1,1,0,1,0,0,,Calco Final FG QC
710C5001UV,CiLON‚ĄĘ 50% GF PA6 UV Stabilized Black,PA6,Kg,1,1,FIFO,1,1,0,1,0,0,,Calco Final FG QC
710C5031,CiLON‚ĄĘ 50% GF PA6 Natural,PA6,Kg,1,1,FIFO,1,1,0,1,0,0,,Calco Final FG QC
710C5031F,CiLON‚ĄĘ 50% GF FR PA6 Natural,PA6,Kg,1,1,FIFO,1,1,0,1,0,0,,Calco Final FG QC
710C5081F,CiLON‚ĄĘ 50% GF FR PA6 RAL 7015 Grey,PA6,Kg,1,1,FIFO,1,1,0,1,0,0,,Calco Final FG QC
710D0091,CiLON‚ĄĘ UF High Gloss PA6 White,PA6,Kg,1,1,FIFO,1,1,0,1,0,0,,Calco Final FG QC
710D0092,CiLON‚ĄĘ UF High Gloss PA6 White,PA6,Kg,1,1,FIFO,1,1,0,1,0,0,,Calco Final FG QC
711C0003,CiLON‚ĄĘ Unfilled PA 6 Black,PA6,Kg,1,1,FIFO,1,1,0,1,0,0,,Calco Final FG QC
711C0021,CiLON‚ĄĘ UF PA6 Orange,PA6,Kg,1,1,FIFO,1,1,0,1,0,0,,Calco Final FG QC
711C0051,CiLON‚ĄĘ UF PA6 Olive Green,PA6,Kg,1,1,FIFO,1,1,0,1,0,0,,Calco Final FG QC
711C0052,CiLON‚ĄĘ UF PA6 IM Green,PA6,Kg,1,1,FIFO,1,1,0,1,0,0,,Calco Final FG QC
711C0071,CiLON‚ĄĘ UF IM PA6 Violet,PA6,Kg,1,1,FIFO,1,1,0,1,0,0,,Calco Final FG QC
711C0081,CiLON‚ĄĘ Unfilled PA 6 Grey,PA6,Kg,1,1,FIFO,1,1,0,1,0,0,,Calco Final FG QC
711C0082,CiLON‚ĄĘ Unfilled PA 6 Grey,PA6,Kg,1,1,FIFO,1,1,0,1,0,0,,Calco Final FG QC
711C0083,CiLON‚ĄĘ UF PA6 Metallic Grey,PA6,Kg,1,1,FIFO,1,1,0,1,0,0,,Calco Final FG QC
711C0084,CiLON‚ĄĘ Unfilled PA6 Grey,PA6,Kg,1,1,FIFO,1,1,0,1,0,0,,Calco Final FG QC
711C0085IM,CiLON‚ĄĘ IM UF PA6 RAL7035 Grey,PA6,Kg,1,1,FIFO,1,1,0,1,0,0,,Calco Final FG QC
711C0091,CiLON‚ĄĘ Unfilled PA 6 Milky White,PA6,Kg,1,1,FIFO,1,1,0,1,0,0,,Calco Final FG QC
711C0091F,CiLON‚ĄĘ Unfilled FR PA 6 Milky White,PA6,Kg,1,1,FIFO,1,1,0,1,0,0,,Calco Final FG QC
711C1002,CiLON‚ĄĘ 15 % GF PA 6 Black,PA6,Kg,1,1,FIFO,1,1,0,1,0,0,,Calco Final FG QC
711C1003,CiLON‚ĄĘ 10% GF PA6 Black,PA6,Kg,1,1,FIFO,1,1,0,1,0,0,,Calco Final FG QC
711C1201,CiLON‚ĄĘ 15% MF PA6 Black,PA6,Kg,1,1,FIFO,1,1,0,1,0,0,,Calco Final FG QC
711C2001,CiLON‚ĄĘ 25% GF PA 6 Black,PA6,Kg,1,1,FIFO,1,1,0,1,0,0,,Calco Final FG QC
711C2002F,CiLON‚ĄĘ 25% GF FR PA 6 Red Phosphorous,PA6,Kg,1,1,FIFO,1,1,0,1,0,0,,Calco Final FG QC
711C2003,CiLON‚ĄĘ 20% GF PA6 Black,PA6,Kg,1,1,FIFO,1,1,0,1,0,0,,Calco Final FG QC
711C2081,CiLON‚ĄĘ 20 % GF PA 6 Grey,PA6,Kg,1,1,FIFO,1,1,0,1,0,0,,Calco Final FG QC
711C2081F,CiLON‚ĄĘ 20%GF FR PA6 Grey,PA6,Kg,1,1,FIFO,1,1,0,1,0,0,,Calco Final FG QC
711C2181,CiLON‚ĄĘ 20 % MF PA 6 Grey,PA6,Kg,1,1,FIFO,1,1,0,1,0,0,,Calco Final FG QC
711C2181F,CiLON‚ĄĘ 20% MF FR PA6 Grey,PA6,Kg,1,1,FIFO,1,1,0,1,0,0,,Calco Final FG QC
711C2281F,CiLON‚ĄĘ 20 % MF FR PA 6 Grey,PA6,Kg,1,1,FIFO,1,1,0,1,0,0,,Calco Final FG QC
711C2301F,CiLON‚ĄĘ 25% Filled FR PA6 Black,PA6,Kg,1,1,FIFO,1,1,0,1,0,0,,Calco Final FG QC
711C2381F,CiLON‚ĄĘ 20% MF+5%GF FR PA6 Grey,PA6,Kg,1,1,FIFO,1,1,0,1,0,0,,Calco Final FG QC
711C3001IM,CiLON‚ĄĘ 30% GF PA6 Impact Modifier Black,PA6,Kg,1,1,FIFO,1,1,0,1,0,0,,Calco Final FG QC
711C3001ML,CiLON‚ĄĘ 30% GF PA6 Black,PA6,Kg,1,1,FIFO,1,1,0,1,0,0,,Calco Final FG QC
711C3003HS,CiLON‚ĄĘ 30% GF PA6 Heat Stabilized Black,PA6,Kg,1,1,FIFO,1,1,0,1,0,0,,Calco Final FG QC
711C3004,CiLON‚ĄĘ 30 % GF PA 6 Black,PA6,Kg,1,1,FIFO,1,1,0,1,0,0,,Calco Final FG QC
711C3005E,CiLON‚ĄĘ 35% GF PA6 Black,PA6,Kg,1,1,FIFO,1,1,0,1,0,0,,Calco Final FG QC
711C3006,CiLON‚ĄĘ 35% GF PA6 Black,PA6,Kg,1,1,FIFO,1,1,0,1,0,0,,Calco Final FG QC
711C3007,CiLON‚ĄĘ 30%GF PA6 Black,PA6,Kg,1,1,FIFO,1,1,0,1,0,0,,Calco Final FG QC
711C3031,CiLON‚ĄĘ 30% GF PA6 Natural,PA6,Kg,1,1,FIFO,1,1,0,1,0,0,,Calco Final FG QC
711C3051,CiLON‚ĄĘ 30 % GF PA 6 Green,PA6,Kg,1,1,FIFO,1,1,0,1,0,0,,Calco Final FG QC
711C3081,CiLON‚ĄĘ 30 % GF PA 6 Grey,PA6,Kg,1,1,FIFO,1,1,0,1,0,0,,Calco Final FG QC
711C3081F,CiLON‚ĄĘ 30 % GF FR PA 6 Grey,PA6,Kg,1,1,FIFO,1,1,0,1,0,0,,Calco Final FG QC
711C3082,CiLON‚ĄĘ 30 % GF PA 6 Grey,PA6,Kg,1,1,FIFO,1,1,0,1,0,0,,Calco Final FG QC
711C3084,CiLON‚ĄĘ 30 % GF PA 6 Grey,PA6,Kg,1,1,FIFO,1,1,0,1,0,0,,Calco Final FG QC
711C3085,CiLON‚ĄĘ 30 % GF PA 6 Grey,PA6,Kg,1,1,FIFO,1,1,0,1,0,0,,Calco Final FG QC
711C3086,CiLON‚ĄĘ 30% GF PA6 Grey,PA6,Kg,1,1,FIFO,1,1,0,1,0,0,,Calco Final FG QC
711C3091,CiLON‚ĄĘ 30% GF PA6 White,PA6,Kg,1,1,FIFO,1,1,0,1,0,0,,Calco Final FG QC
711C3181,CiLON‚ĄĘ 30 % MF PA 6 Grey,PA6,Kg,1,1,FIFO,1,1,0,1,0,0,,Calco Final FG QC
711C3381,CiLON‚ĄĘ 20 % GF + 10 % MF PA6 Grey,PA6,Kg,1,1,FIFO,1,1,0,1,0,0,,Calco Final FG QC
711C4001,CiLON‚ĄĘ 40% GF PA6 Black,PA6,Kg,1,1,FIFO,1,1,0,1,0,0,,Calco Final FG QC
711C4081,CiLON‚ĄĘ 40 % GF PA 6 Grey,PA6,Kg,1,1,FIFO,1,1,0,1,0,0,,Calco Final FG QC
711C4082,CiLON‚ĄĘ 40% GF PA6 Grey,PA6,Kg,1,1,FIFO,1,1,0,1,0,0,,Calco Final FG QC
711M004,"CiLON‚ĄĘ Unfilled PA6 Black, Industrial",PA6,Kg,1,1,FIFO,1,1,0,1,0,0,,Calco Final FG QC
711M006N,"CiLON‚ĄĘ Unfilled PA6 Natural, Industrial",PA6,Kg,1,1,FIFO,1,1,0,1,0,0,,Calco Final FG QC
711M006SB,"CiLON‚ĄĘ Unfilled PA6 Black, Industrial",PA6,Kg,1,1,FIFO,1,1,0,1,0,0,,Calco Final FG QC
711M006SN,"CiLON‚ĄĘ Unfilled PA6 Natural, Industrial",PA6,Kg,1,1,FIFO,1,1,0,1,0,0,,Calco Final FG QC
720C0001HS,CiLON‚ĄĘ UF PA66 Heat Stabilized Black,PA66,Kg,1,1,FIFO,1,1,0,1,0,0,,Calco Final FG QC
720C0002,CiLON‚ĄĘ Unfilled PA66 Black,PA66,Kg,1,1,FIFO,1,1,0,1,0,0,,Calco Final FG QC
720C0011,CiLON‚ĄĘ UF PA66 Beige,PA66,Kg,1,1,FIFO,1,1,0,1,0,0,,Calco Final FG QC
720C0021,CiLON‚ĄĘ Unfilled PA66 Orient red,PA66,Kg,1,1,FIFO,1,1,0,1,0,0,,Calco Final FG QC
720C0023,CiLON‚ĄĘ Unfilled PA66 Orange,PA66,Kg,1,1,FIFO,1,1,0,1,0,0,,Calco Final FG QC
720C0024ST,CiLON‚ĄĘ UF PA66 Super Tough Brown,PA66,Kg,1,1,FIFO,1,1,0,1,0,0,,Calco Final FG QC
720C0031F,CiLON‚ĄĘ UF FR PA66 Natural,PA66,Kg,1,1,FIFO,1,1,0,1,0,0,,Calco Final FG QC
720C0031HS,CiLON‚ĄĘ UF PA66 Heat Stabilized Natural,PA66,Kg,1,1,FIFO,1,1,0,1,0,0,,Calco Final FG QC
720C0031ST,CiLON‚ĄĘ PA66 UF Natural ST,PA66,Kg,1,1,FIFO,1,1,0,1,0,0,,Calco Final FG QC
720C0081,CiLON‚ĄĘ Unfilled PA66 Grey,PA66,Kg,1,1,FIFO,1,1,0,1,0,0,,Calco Final FG QC
720C0081ST,CiLON‚ĄĘ UF PA66 Super Tough Grey,PA66,Kg,1,1,FIFO,1,1,0,1,0,0,,Calco Final FG QC
720C0082,CiLON‚ĄĘ UF PA66 Grey,PA66,Kg,1,1,FIFO,1,1,0,1,0,0,,Calco Final FG QC
720C0084,CiLON‚ĄĘ UF PA66 RAL7035 Grey,PA66,Kg,1,1,FIFO,1,1,0,1,0,0,,Calco Final FG QC
720C1001,CiLON‚ĄĘ 15% GF PA66 Black,PA66,Kg,1,1,FIFO,1,1,0,1,0,0,,Calco Final FG QC
720C1001F,CiLON‚ĄĘ 15% GF FR PA66 Black,PA66,Kg,1,1,FIFO,1,1,0,1,0,0,,Calco Final FG QC
720C2001F,CiLON‚ĄĘ 25% GF FR PA66 Black,PA66,Kg,1,1,FIFO,1,1,0,1,0,0,,Calco Final FG QC
720C2001HS,"CiLON‚ĄĘ 25% GF PA66 Heat Stabilized, Black",PA66,Kg,1,1,FIFO,1,1,0,1,0,0,,Calco Final FG QC
720C2002,CiLON‚ĄĘ 20% GF PA66 UV Stabilized Black,PA66,Kg,1,1,FIFO,1,1,0,1,0,0,,Calco Final FG QC
720C2031,CiLON‚ĄĘ 25% GF PA66 Natural,PA66,Kg,1,1,FIFO,1,1,0,1,0,0,,Calco Final FG QC
720C2031F,CiLON‚ĄĘ 25% GF FR PA66 Red Phosphorus,PA66,Kg,1,1,FIFO,1,1,0,1,0,0,,Calco Final FG QC
720C2032,CiLON‚ĄĘ 20% GF PA66 Natural,PA66,Kg,1,1,FIFO,1,1,0,1,0,0,,Calco Final FG QC
720C2061F,CiLON‚ĄĘ 25% GF FR PA66 Blue,PA66,Kg,1,1,FIFO,1,1,0,1,0,0,,Calco Final FG QC
720C3001,CiLON‚ĄĘ 33 % GF PA 66 Black,PA66,Kg,1,1,FIFO,1,1,0,1,0,0,,Calco Final FG QC
720C3001F,CiLON‚ĄĘ 30% GF FR PA66 Red Phosphorus,PA66,Kg,1,1,FIFO,1,1,0,1,0,0,,Calco Final FG QC
720C3002F,CiLON‚ĄĘ 35% GF FR PA66 Red Phosphorus,PA66,Kg,1,1,FIFO,1,1,0,1,0,0,,Calco Final FG QC
720C3002HSHD,"CiLON‚ĄĘ 35% GF PA66 Heat Stabilized, Hydrolysis Resistance Black",PA66,Kg,1,1,FIFO,1,1,0,1,0,0,,Calco Final FG QC
720C3002ST,CiLON‚ĄĘ 33% GF PA66 Super Tough Black,PA66,Kg,1,1,FIFO,1,1,0,1,0,0,,Calco Final FG QC
720C3004HS,CiLON‚ĄĘ 30% GF PA66 Black,PA66,Kg,1,1,FIFO,1,1,0,1,0,0,,Calco Final FG QC
720C3004HSHD,"CiLON‚ĄĘ 30% GF PA66 Heat Stabilized, Hydrolysis Resistance Black",PA66,Kg,1,1,FIFO,1,1,0,1,0,0,,Calco Final FG QC
720C3011,CiLON‚ĄĘ 33% GF PA66 Brown,PA66,Kg,1,1,FIFO,1,1,0,1,0,0,,Calco Final FG QC
720C3031F,CiLON‚ĄĘ 30% GF FR PA66 Natural,PA66,Kg,1,1,FIFO,1,1,0,1,0,0,,Calco Final FG QC
720C3032,CiLON‚ĄĘ 35% GF PA 66 Natural,PA66,Kg,1,1,FIFO,1,1,0,1,0,0,,Calco Final FG QC
720C3032HSHD,"CiLON‚ĄĘ 35% GF PA66 Heat Stabilized, Hydrolysis Resistance Natural",PA66,Kg,1,1,FIFO,1,1,0,1,0,0,,Calco Final FG QC
720C3034,CiLON‚ĄĘ 30% GF PA66 Natural,PA6,Kg,1,1,FIFO,1,1,0,1,0,0,,Calco Final FG QC
720C4001,CiLON‚ĄĘ 43% GF PA66 Black,PA66,Kg,1,1,FIFO,1,1,0,1,0,0,,Calco Final FG QC
720C4001UV,"CiLON‚ĄĘ 40% GF PA66 Black, UV Stabilized",PA66,Kg,1,1,FIFO,1,1,0,1,0,0,,Calco Final FG QC
720C4031,CiLON‚ĄĘ 43% GF PA66 NATURAL,PA66,Kg,1,1,FIFO,1,1,0,1,0,0,,Calco Final FG QC
720C4102,CiLON‚ĄĘ 40% MF PA66 Black,PA66,Kg,1,1,FIFO,1,1,0,1,0,0,,Calco Final FG QC
720C4301,CiLON‚ĄĘ 25%MF + 15%GF PA66 Black,PA6,Kg,1,1,FIFO,1,1,0,1,0,0,,Calco Final FG QC
720C5001,CiLON‚ĄĘ 50% GF PA66 Black,PA66,Kg,1,1,FIFO,1,1,0,1,0,0,,Calco Final FG QC
720C5031,CiLON‚ĄĘ 50% GF PA66 Natural,PA66,Kg,1,1,FIFO,1,1,0,1,0,0,,Calco Final FG QC
720C6001,CiLON‚ĄĘ 60% GF PA66 Black,PA66,Kg,1,1,FIFO,1,1,0,1,0,0,,Calco Final FG QC
720C6031,CiLON‚ĄĘ 60% GF PA66 Natural,PA66,Kg,1,1,FIFO,1,1,0,1,0,0,,Calco Final FG QC
721C0001F,CiLON‚ĄĘ UF FR PA66 Black,PA66,Kg,1,1,FIFO,1,1,0,1,0,0,,Calco Final FG QC
721C0001MT,CiLON‚ĄĘ Unfilled PA66 Medium Tough Black,PA66,Kg,1,1,FIFO,1,1,0,1,0,0,,Calco Final FG QC
721C0001UV,CiLON‚ĄĘ UF UV Stabilized PA66 Black,PA66,Kg,1,1,FIFO,1,1,0,1,0,0,,Calco Final FG QC
721C1101,CiLON‚ĄĘ 15% MF PA66 Black,PA66,Kg,1,1,FIFO,1,1,0,1,0,0,,Calco Final FG QC
721C1102,CiLON‚ĄĘ 10% MF PA66 Blk,PA66,Kg,1,1,FIFO,1,1,0,1,0,0,,Calco Final FG QC
721C2001,CiLON‚ĄĘ 25% GF PA66 Black,PA66,Kg,1,1,FIFO,1,1,0,1,0,0,,Calco Final FG QC
721C2001L,CiLON‚ĄĘ 25% GF PA66 Black,PA66,Kg,1,1,FIFO,1,1,0,1,0,0,,Calco Final FG QC
721C2002,CiLON‚ĄĘ 20% GF PA66 Black,PA66,Kg,1,1,FIFO,1,1,0,1,0,0,,Calco Final FG QC
721C2031F,CiLON‚ĄĘ 25% GF FR PA66 Red Phosphorus,PA66,Kg,1,1,FIFO,1,1,0,1,0,0,,Calco Final FG QC
721C2101,CiLON‚ĄĘ 20% MF PA66 Black,PA66,Kg,1,1,FIFO,1,1,0,1,0,0,,Calco Final FG QC
721C3001HS,CiLON‚ĄĘ 30% GF PA66 Heat Stabilized Black,PA66,Kg,1,1,FIFO,1,1,0,1,0,0,,Calco Final FG QC
721C3002HF,CiLON‚ĄĘ 33% GF PA66 High Flow Black,PA66,Kg,1,1,FIFO,1,1,0,1,0,0,,Calco Final FG QC
721C3031,CiLON‚ĄĘ 33% GF PA 66 Natural,PA66,Kg,1,1,FIFO,1,1,0,1,0,0,,Calco Final FG QC
721C3081,CiLON‚ĄĘ 33% GF PA 66 Grey,PA66,Kg,1,1,FIFO,1,1,0,1,0,0,,Calco Final FG QC
721C3082,CiLON‚ĄĘ 33% GF PA66 Indica Grey,PA66,Kg,1,1,FIFO,1,1,0,1,0,0,,Calco Final FG QC
721C4001,CiLON‚ĄĘ 40% GF PA66 Black,PA66,Kg,1,1,FIFO,1,1,0,1,0,0,,Calco Final FG QC
721C4001UV,"CiLON‚ĄĘ 40% GF PA66 Black, UV Stabilized",PA66,Kg,1,1,FIFO,1,1,0,1,0,0,,Calco Final FG QC
721C4002,CiLON‚ĄĘ 43% GF PA66 Black,PA66,Kg,1,1,FIFO,1,1,0,1,0,0,,Calco Final FG QC
721C5001,CiLON‚ĄĘ 50% GF PA 66 Black,PA66,Kg,1,1,FIFO,1,1,0,1,0,0,,Calco Final FG QC
721M003,CiLON‚ĄĘ Unfilled PA66 Natural,PA6,Kg,1,1,FIFO,1,1,0,1,0,0,,Calco Final FG QC
730C0001F,ZiLITE‚ĄĘ Unfilled FR PBT Black,PBT,Kg,1,1,FIFO,1,1,0,1,0,0,,Calco Final FG QC
730C0001ST,ZiLITE‚ĄĘ UF Super Tough PBT Blk,PBT,Kg,1,1,FIFO,1,1,0,1,0,0,,Calco Final FG QC
730C0002,"ZiLITE‚ĄĘ Unfilled PBT, Black",PBT,Kg,1,1,FIFO,1,1,0,1,0,0,,Calco Final FG QC
730C0011F,ZiLITE‚ĄĘ UF FR PBT Beige,PBT,Kg,1,1,FIFO,1,1,0,1,0,0,,Calco Final FG QC
730C0021,ZiLITE‚ĄĘ UF PBT Natural,PBT,Kg,1,1,FIFO,1,1,0,1,0,0,,Calco Final FG QC
730C0034,ZiLITE‚ĄĘ UF PBT Natural,PBT,Kg,1,1,FIFO,1,1,0,1,0,0,,Calco Final FG QC
730C0061,ZiLITE‚ĄĘ UF PBT BLUE,PBT,Kg,1,1,FIFO,1,1,0,1,0,0,,Calco Final FG QC
730C0081,"ZiLITE‚ĄĘ Unfilled PBT, Grey",PBT,Kg,1,1,FIFO,1,1,0,1,0,0,,Calco Final FG QC
730C0091F,ZiLITE‚ĄĘ UF FR PBT CFL White,PBT,Kg,1,1,FIFO,1,1,0,1,0,0,,Calco Final FG QC
730C0091ST,ZiLITE‚ĄĘ UF Super Tough PBT White,PBT,Kg,1,1,FIFO,1,1,0,1,0,0,,Calco Final FG QC
730C0092F,ZiLITE‚ĄĘ UF FR PBT White,PBT,Kg,1,1,FIFO,1,1,0,1,0,0,,Calco Final FG QC
730C1001UV,ZiLITE‚ĄĘ 15% GF PBT UV Stabilized Black,PBT,Kg,1,1,FIFO,1,1,0,1,0,0,,Calco Final FG QC
730C1021,ZiLITE‚ĄĘ 30% GF PBT Red,PBT,Kg,1,1,FIFO,1,1,0,1,0,0,,Calco Final FG QC
730C1041,ZiLITE‚ĄĘ 15% GF PBT Yellow,PBT,Kg,1,1,FIFO,1,1,0,1,0,0,,Calco Final FG QC
730C1081F,ZiLITE‚ĄĘ 15% GF FR PBT Metallic Grey,PBT,Kg,1,1,FIFO,1,1,0,1,0,0,,Calco Final FG QC
730C2001,"ZiLITE‚ĄĘ 15% GF PBT, Black",PBT,Kg,1,1,FIFO,1,1,0,1,0,0,,Calco Final FG QC
730C2002,ZiLITE‚ĄĘ 20% GF PBT Black,PBT,Kg,1,1,FIFO,1,1,0,1,0,0,,Calco Final FG QC
730C2031F,ZiLITE‚ĄĘ 20% GF FR PBT Natural,PBT,Kg,1,1,FIFO,1,1,0,1,0,0,,Calco Final FG QC
730C2032,ZiLITE‚ĄĘ 20% GF PBT Natural,PBT,Kg,1,1,FIFO,1,1,0,1,0,0,,Calco Final FG QC
730C2082F,"ZiLITE‚ĄĘ 25% GF FR PBT, Grey",PBT,Kg,1,1,FIFO,1,1,0,1,0,0,,Calco Final FG QC
730C2091A,ZiLITE‚ĄĘ 20% GF PBT White,PBT,Kg,1,1,FIFO,1,1,0,1,0,0,,Calco Final FG QC
730C2091F,ZiLITE‚ĄĘ 20 % GF FR PBT CFL White,PBT,Kg,1,1,FIFO,1,1,0,1,0,0,,Calco Final FG QC
730C2091ST,ZiLITE‚ĄĘ 20% GF PBT Super Tough CFL White,PBT,Kg,1,1,FIFO,1,1,0,1,0,0,,Calco Final FG QC
730C2092,ZiLITE‚ĄĘ 20%GF PBT CFL White,PBT,Kg,1,1,FIFO,1,1,0,1,0,0,,Calco Final FG QC
730C2092F,ZiLITE‚ĄĘ 20% GF FR CFL White PBT,PBT,Kg,1,1,FIFO,1,1,0,1,0,0,,Calco Final FG QC
730C2092F(N),ZiLITE‚ĄĘ 20% GF FR CFL White PBT,PBT,Kg,1,1,FIFO,1,1,0,1,0,0,,Calco Final FG QC
730C2093,ZiLITE‚ĄĘ 20% GF CFL White PBT,PBT,Kg,1,1,FIFO,1,1,0,1,0,0,,Calco Final FG QC
730C2093AL,ZiLITE‚ĄĘ 20% GF CFL PBT White,PBT,Kg,1,1,FIFO,1,1,0,1,0,0,,Calco Final FG QC
730C2093ALF,ZiLITE‚ĄĘ 20% GF FR CFL White PBT,PBT,Kg,1,1,FIFO,1,1,0,1,0,0,,Calco Final FG QC
730C2093AO,ZiLITE‚ĄĘ 20% GF CFL White PBT,PBT,Kg,1,1,FIFO,1,1,0,1,0,0,,Calco Final FG QC
730C2093B,ZiLITE‚ĄĘ 20% GF PBT CFL WHITE,PBT,Kg,1,1,FIFO,1,1,0,1,0,0,,Calco Final FG QC
730C2093F,ZiLITE‚ĄĘ 20% GF FR PBT WHITE,PBT,Kg,1,1,FIFO,1,1,0,1,0,0,,Calco Final FG QC
730C2093HS,ZiLITE‚ĄĘ 20% GF PBT LED White,PBT,Kg,1,1,FIFO,1,1,0,1,0,0,,Calco Final FG QC
730C2181,ZiLITE‚ĄĘ 20%MF PBT Grey,PBT,Kg,1,1,FIFO,1,1,0,1,0,0,,Calco Final FG QC
730C2231,ZiLITE‚ĄĘ 20% MF PBT NATURAL,PBT,Kg,1,1,FIFO,1,1,0,1,0,0,,Calco Final FG QC
730C2321,ZiLITE‚ĄĘ 20% GF PBT Orange,PBT,Kg,1,1,FIFO,1,1,0,1,0,0,,Calco Final FG QC
730C2391,ZiLITE‚ĄĘ 20 % GF PBT LED White,PBT,Kg,1,1,FIFO,1,1,0,1,0,0,,Calco Final FG QC
730C2391A,ZiLITE‚ĄĘ 20% GF CFL PBT White,PBT,Kg,1,1,FIFO,1,1,0,1,0,0,,Calco Final FG QC
730C2392,ZiLITE‚ĄĘ 20% GF LED WHITE PBT,PBT,Kg,1,1,FIFO,1,1,0,1,0,0,,Calco Final FG QC
730C2401,ZiLITE‚ĄĘ 20% GB PBT Black,PBT,Kg,1,1,FIFO,1,1,0,1,0,0,,Calco Final FG QC
730C2402,ZiLITE‚ĄĘ 25% GB PBT Black,PBT,Kg,1,1,FIFO,1,1,0,1,0,0,,Calco Final FG QC
730C2403,ZiLITE‚ĄĘ 25% GB PBT Black,PBT,Kg,1,1,FIFO,1,1,0,1,0,0,,Calco Final FG QC
730C2431,ZiLITE‚ĄĘ 20% GB PBT Natural,PBT,Kg,1,1,FIFO,1,1,0,1,0,0,,Calco Final FG QC
730C3001HD,ZiLITE‚ĄĘ 30% GF PBT Hydrolysis Resistance,PBT,Kg,1,1,FIFO,1,1,0,1,0,0,,Calco Final FG QC
730C3002F,"ZiLITE‚ĄĘ 30% GF FR PBT, Black",PBT,Kg,1,1,FIFO,1,1,0,1,0,0,,Calco Final FG QC
730C3011,ZiLITE‚ĄĘ 30% GF PBT Brown,PBT,Kg,1,1,FIFO,1,1,0,1,0,0,,Calco Final FG QC
730C3011F,ZiLITE‚ĄĘ 30% GF FR PBT Beige,PBT,Kg,1,1,FIFO,1,1,0,1,0,0,,Calco Final FG QC
730C3012F,ZiLITE‚ĄĘ 30% GF FR PBT Beige,PBT,Kg,1,1,FIFO,1,1,0,1,0,0,,Calco Final FG QC
730C3021F,ZiLITE‚ĄĘ 30 % GF FR PBT Orange,PBT,Kg,1,1,FIFO,1,1,0,1,0,0,,Calco Final FG QC
730C3022F,ZiLITE‚ĄĘ 30% PBT GF FR Red,PBT,Kg,1,1,FIFO,1,1,0,1,0,0,,Calco Final FG QC
730C3032,ZiLITE‚ĄĘ 35% GF PBT NATURAL,PBT,Kg,1,1,FIFO,1,1,0,1,0,0,,Calco Final FG QC
730C3061F,ZiLITE‚ĄĘ PBT 30% GF FR Blue,PBT,Kg,1,1,FIFO,1,1,0,1,0,0,,Calco Final FG QC
730C3081,ZiLITE‚ĄĘ 30% GF PBT Grey,PBT,Kg,1,1,FIFO,1,1,0,1,0,0,,Calco Final FG QC
730C3081F,ZiLITE‚ĄĘ 30% GF FR PBT Light Grey,PBT,Kg,1,1,FIFO,1,1,0,1,0,0,,Calco Final FG QC
730C3082F,ZiLITE‚ĄĘ 30% GF FR PBT Electric Grey,PBT,Kg,1,1,FIFO,1,1,0,1,0,0,,Calco Final FG QC
730C3083F,ZiLITE‚ĄĘ 30%GF FR PBT Light Grey,PBT,Kg,1,1,FIFO,1,1,0,1,0,0,,Calco Final FG QC
730C3084F,"ZiLITE‚ĄĘ 30% GF FR PBT, Grey",PBT,Kg,1,1,FIFO,1,1,0,1,0,0,,Calco Final FG QC
730C3085F,ZiLITE‚ĄĘ 30% GF FR GM Grey PBT,PBT,Kg,1,1,FIFO,1,1,0,1,0,0,,Calco Final FG QC
730C3088F,ZiLITE‚ĄĘ 30% GF FR PBT Grey,PBT,Kg,1,1,FIFO,1,1,0,1,0,0,,Calco Final FG QC
730C3091F,ZiLITE‚ĄĘ 30% GF FR PBT White,PBT,Kg,1,1,FIFO,1,1,0,1,0,0,,Calco Final FG QC
730C3092F,ZiLITE‚ĄĘ 30% GF FR PBT GM White,PBT,Kg,1,1,FIFO,1,1,0,1,0,0,,Calco Final FG QC
730C3093F,ZiLITE‚ĄĘ 30% GF FR PBT White,PBT,Kg,1,1,FIFO,1,1,0,1,0,0,,Calco Final FG QC
730C3181F,ZiLITE‚ĄĘ 30%MF FR PBT Grey,PBT,Kg,1,1,FIFO,1,1,0,1,0,0,,Calco Final FG QC
730C3182F,ZiLITE‚ĄĘ 30%GF+MF FR PBT Grey,PBT,Kg,1,1,FIFO,1,1,0,1,0,0,,Calco Final FG QC
730C3183F,ZiLITE‚ĄĘ 30% GF + MF FR PBT Grey,PBT,Kg,1,1,FIFO,1,1,0,1,0,0,,Calco Final FG QC
730C3301,ZiLITE‚ĄĘ 30% GF + MF PBT Black,PBT,Kg,1,1,FIFO,1,1,0,1,0,0,,Calco Final FG QC
730C3382F,ZiLITE‚ĄĘ 30% GF+MF FR PBT Grey,PBT,Kg,1,1,FIFO,1,1,0,1,0,0,,Calco Final FG QC
730C3383F,ZiLITE‚ĄĘ 30% GF+MF FR PBT Grey,PBT,Kg,1,1,FIFO,1,1,0,1,0,0,,Calco Final FG QC
730C3383F2,ZiLITE‚ĄĘ 30% GF+MF FR PBT Grey,PBT,Kg,1,1,FIFO,1,1,0,1,0,0,,Calco Final FG QC
730C3384F,ZiLITE‚ĄĘ 30% GF+MF FR PBT Grey,PBT,Kg,1,1,FIFO,1,1,0,1,0,0,,Calco Final FG QC
730C3391F2,ZiLITE‚ĄĘ 30 % GF FR PBT White,PBT,Kg,1,1,FIFO,1,1,0,1,0,0,,Calco Final FG QC
730C3394F,ZiLITE‚ĄĘ 30% GF FR PBT Off White,PBT,Kg,1,1,FIFO,1,1,0,1,0,0,,Calco Final FG QC
730C3431,ZiLITE‚ĄĘ 30% GB PBT Natural,PBT,Kg,1,1,FIFO,1,1,0,1,0,0,,Calco Final FG QC
730C5001,"ZiLITE‚ĄĘ 50% GF PBT, Black",PBT,Kg,1,1,FIFO,1,1,0,1,0,0,,Calco Final FG QC
730C5001F,"ZiLITE‚ĄĘ 50% GF FR PBT, Black",PBT,Kg,1,1,FIFO,1,1,0,1,0,0,,Calco Final FG QC
731C0031ST,ZiLITE‚ĄĘ UF Super Tough PBT Natural,PBT,Kg,1,1,FIFO,1,1,0,1,0,0,,Calco Final FG QC
731C2001F,ZiLITE‚ĄĘ 25% GF FR PBT Black,PBT,Kg,1,1,FIFO,1,1,0,1,0,0,,Calco Final FG QC
731C3001ST,ZiLITE‚ĄĘ 30% GF PBT Super Tough Blk,PBT,Kg,1,1,FIFO,1,1,0,1,0,0,,Calco Final FG QC
740C1031,ZiLITE‚ĄĘ 15% GF PBT+ PET Natural,Unclassified FG,Kg,1,1,FIFO,1,1,0,1,0,0,,Calco Final FG QC
740C2101,ZiLITE‚ĄĘ 20% MF PBT + PET Black,PBT,Kg,1,1,FIFO,1,1,0,1,0,0,,Calco Final FG QC
740C2102,ZiLITE‚ĄĘ 20% MF PBT/PET Black,PBT,Kg,1,1,FIFO,1,1,0,1,0,0,,Calco Final FG QC
740C2182,ZiLITE‚ĄĘ 20% MF PBT/PET GREY,PBT,Kg,1,1,FIFO,1,1,0,1,0,0,,Calco Final FG QC
740C3031,ZiLITE‚ĄĘ 30% GF PBT-PET Natural,PBT,Kg,1,1,FIFO,1,1,0,1,0,0,,Calco Final FG QC
740C3032,ZiLITE‚ĄĘ 30% GF PET Natural,Unclassified FG,Kg,1,1,FIFO,1,1,0,1,0,0,,Calco Final FG QC
740C3091,ZiLITE‚ĄĘ 30% GF PET LED White,PBT,Kg,1,1,FIFO,1,1,0,1,0,0,,Calco Final FG QC
740C3092,ZiLITE‚ĄĘ 30% GF PBT - PET LED White,PBT,Kg,1,1,FIFO,1,1,0,1,0,0,,Calco Final FG QC
740C3191,ZiLITE‚ĄĘ 30% MF PBT + PET White,PBT,Kg,1,1,FIFO,1,1,0,1,0,0,,Calco Final FG QC
750C0001F,PiCAN‚ĄĘ Unfilled FR PC Black,Alloy,Kg,1,1,FIFO,1,1,0,1,0,0,,Calco Final FG QC
750C0011,PiCAN‚ĄĘ PC IVORY,Alloy,Kg,1,1,FIFO,1,1,0,1,0,0,,Calco Final FG QC
750C0012,PiCAN‚ĄĘ PC BEIGE,Alloy,Kg,1,1,FIFO,1,1,0,1,0,0,,Calco Final FG QC
750C003160E,PiCAN‚ĄĘ PC Diffuser 60E,Alloy,Kg,1,1,FIFO,1,1,0,1,0,0,,Calco Final FG QC
750C003160M,PiCAN‚ĄĘ PC Diffuser 60M,Alloy,Kg,1,1,FIFO,1,1,0,1,0,0,,Calco Final FG QC
750C0031F,PiCAN‚ĄĘ Unfilled FR PC Natural,Unclassified FG,Kg,1,1,FIFO,1,1,0,1,0,0,,Calco Final FG QC
750C0031NG,PiCAN‚ĄĘ UF PC Off Natural,Unclassified FG,Kg,1,1,FIFO,1,1,0,1,0,0,,Calco Final FG QC
750C0081,PiCAN‚ĄĘ PC DARK GREY,Alloy,Kg,1,1,FIFO,1,1,0,1,0,0,,Calco Final FG QC
750C0082FA,PiCAN‚ĄĘ PC UF FR Grey,Alloy,Kg,1,1,FIFO,1,1,0,1,0,0,,Calco Final FG QC
750C0091,PiCAN‚ĄĘ UF PC White,Alloy,Kg,1,1,FIFO,1,1,0,1,0,0,,Calco Final FG QC
750C0091FOP,PiCAN‚ĄĘ UF FR PC Opaque White,Unclassified FG,Kg,1,1,FIFO,1,1,0,1,0,0,,Calco Final FG QC
750C0093,PiCAN‚ĄĘ UF PC White,Alloy,Kg,1,1,FIFO,1,1,0,1,0,0,,Calco Final FG QC
750C1001,PiCAN‚ĄĘ 10% GF PC Black,Alloy,Kg,1,1,FIFO,1,1,0,1,0,0,,Calco Final FG QC
750C1002,PiCAN‚ĄĘ 10% GF PC Black,Unclassified FG,Kg,1,1,FIFO,1,1,0,1,0,0,,Calco Final FG QC
750C1031,PiCAN‚ĄĘ 10% GF PC Natural,Unclassified FG,Kg,1,1,FIFO,1,1,0,1,0,0,,Calco Final FG QC
750C1031F,PiCAN‚ĄĘ 10% GF FR PC Natural,Unclassified FG,Kg,1,1,FIFO,1,1,0,1,0,0,,Calco Final FG QC
750C1081F,PiCAN‚ĄĘ 10% GF FR PC Grey,Alloy,Kg,1,1,FIFO,1,1,0,1,0,0,,Calco Final FG QC
750C1091,PiCAN‚ĄĘ 10% GF PC White,Alloy,Kg,1,1,FIFO,1,1,0,1,0,0,,Calco Final FG QC
750C2001,PiCAN‚ĄĘ 20% GF PC Black,Unclassified FG,Kg,1,1,FIFO,1,1,0,1,0,0,,Calco Final FG QC
750C2031,PiCAN‚ĄĘ 20% GF PC Natural,Alloy,Kg,1,1,FIFO,1,1,0,1,0,0,,Calco Final FG QC
750C3001F,PiCAN‚ĄĘ 30% GF FR PC Black,Unclassified FG,Kg,1,1,FIFO,1,1,0,1,0,0,,Calco Final FG QC
750C3031F,PiCAN‚ĄĘ 30% GF FR PC Natural,Unclassified FG,Kg,1,1,FIFO,1,1,0,1,0,0,,Calco Final FG QC
750CD001,PiCAN‚ĄĘ PBT/PET MF,Alloy,Kg,1,1,FIFO,1,1,0,1,0,0,,Calco Final FG QC
750CD002,PBT/PET MF,Alloy,Kg,1,1,FIFO,1,1,0,1,0,0,,Calco Final FG QC
750CD003,PBT/PET MF,Alloy,Kg,1,1,FIFO,1,1,0,1,0,0,,Calco Final FG QC
760C0002,PiCAN‚ĄĘ UF PC/Polyester Alloy,Alloy,Kg,1,1,FIFO,1,1,0,1,0,0,,Calco Final FG QC
760C0051,PiCAN‚ĄĘ UF PC/PBT Green,Alloy,Kg,1,1,FIFO,1,1,0,1,0,0,,Calco Final FG QC
760C0081F,PiCAN‚ĄĘ PC/ABS FR Alloy Grey,Alloy,Kg,1,1,FIFO,1,1,0,1,0,0,,Calco Final FG QC
760C0081ST,PiCAN‚ĄĘ UF PC/PBT Alloy Grey,Alloy,Kg,1,1,FIFO,1,1,0,1,0,0,,Calco Final FG QC
760C0091,PiCAN‚ĄĘ PC ABS MILKY WHITE,Alloy,Kg,1,1,FIFO,1,1,0,1,0,0,,Calco Final FG QC
760C0091F,PiCAN‚ĄĘ PC/ABS FR White,Alloy,Kg,1,1,FIFO,1,1,0,1,0,0,,Calco Final FG QC
760C0091HS,PiCAN‚ĄĘ UF PC/Polyester Alloy White,Alloy,Kg,1,1,FIFO,1,1,0,1,0,0,,Calco Final FG QC
760C0092F,PiCAN‚ĄĘ PC/ABS UF FR Alloy White,Alloy,Kg,1,1,FIFO,1,1,0,1,0,0,,Calco Final FG QC
760C0093F,PiCAN‚ĄĘ PC/ABS FR Alloy White,Alloy,Kg,1,1,FIFO,1,1,0,1,0,0,,Calco Final FG QC
760C0093HS,PiCAN‚ĄĘ UF PC/Polyester Alloy White,Alloy,Kg,1,1,FIFO,1,1,0,1,0,0,,Calco Final FG QC
760C1001,PiCAN‚ĄĘ 10 % GF PC + PBT Alloy,Alloy,Kg,1,1,FIFO,1,1,0,1,0,0,,Calco Final FG QC
760C1002,PiCAN‚ĄĘ 15% GF PC/PBT Black,Alloy,Kg,1,1,FIFO,1,1,0,1,0,0,,Calco Final FG QC
760C1003,10% GF PC/PBT Black,Alloy,Kg,1,1,FIFO,1,1,0,1,0,0,,Calco Final FG QC
760C1031F,PiCAN‚ĄĘ 10% GF FR PC/ABS Natural,Unclassified FG,Kg,1,1,FIFO,1,1,0,1,0,0,,Calco Final FG QC
760C1101,PiCAN‚ĄĘ 10% MF PBT/PC Black,Alloy,Kg,1,1,FIFO,1,1,0,1,0,0,,Calco Final FG QC
760C2002,25% GF PBT/PC Black,Alloy,Kg,1,1,FIFO,1,1,0,1,0,0,,Calco Final FG QC
760C3001F,PiCAN‚ĄĘ 30% GF FR PC-PBT Black,Alloy,Kg,1,1,FIFO,1,1,0,1,0,0,,Calco Final FG QC
760C4031,PiCAN‚ĄĘ ABS/PC Alloy Natural,Alloy,Kg,1,1,FIFO,1,1,0,1,0,0,,Calco Final FG QC
760C4081F,PiCAN‚ĄĘ PC/ABS FR Grey,Alloy,Kg,1,1,FIFO,1,1,0,1,0,0,,Calco Final FG QC
760C4091,PiCAN‚ĄĘ ABS/PC White,Alloy,Kg,1,1,FIFO,1,1,0,1,0,0,,Calco Final FG QC
760C4092,PiCAN‚ĄĘ ABS/PC White,Alloy,Kg,1,1,FIFO,1,1,0,1,0,0,,Calco Final FG QC
760C6001F,PiCAN‚ĄĘ PC / ABS FR Black,Alloy,Kg,1,1,FIFO,1,1,0,1,0,0,,Calco Final FG QC
760C6002,PiCAN‚ĄĘ PC/ABS Unfilled Black,Alloy,Kg,1,1,FIFO,1,1,0,1,0,0,,Calco Final FG QC
760C6031,PiCAN‚ĄĘ PC / ABS Natural,Alloy,Kg,1,1,FIFO,1,1,0,1,0,0,,Calco Final FG QC
760C6081F,PiCAN‚ĄĘ PC/ABS FR Dark Grey,Alloy,Kg,1,1,FIFO,1,1,0,1,0,0,,Calco Final FG QC
760C6082F,PiCAN‚ĄĘ PC/ABS FR Light Grey,Alloy,Kg,1,1,FIFO,1,1,0,1,0,0,,Calco Final FG QC
760C6083F,PiCAN‚ĄĘ PC/ABS FR RAL 5425C Grey,Alloy,Kg,1,1,FIFO,1,1,0,1,0,0,,Calco Final FG QC
760C6091F,PiCAN‚ĄĘ PC/ABS FR White,Alloy,Kg,1,1,FIFO,1,1,0,1,0,0,,Calco Final FG QC
OTHERS,ZiLITE‚ĄĘ 30 % GF PBT+ASA BLK,Alloy,Kg,1,1,FIFO,1,1,0,1,0,0,,Calco Final FG QC
770C3001F,ZiLITE‚ĄĘ 30 % GF FR PBT+ASA Black,Unclassified FG,Kg,1,1,FIFO,1,1,0,1,0,0,,Calco Final FG QC
900C0001,ABSiL‚ĄĘ UF ABS Black,ABS,Kg,1,1,FIFO,1,1,0,1,0,0,,Calco Final FG QC
900C0001F,ABSiL‚ĄĘ UF FR ABS Black,ABS,Kg,1,1,FIFO,1,1,0,1,0,0,,Calco Final FG QC
900C0002,ABSiL‚ĄĘ UF High Gloss ABS Black,ABS,Kg,1,1,FIFO,1,1,0,1,0,0,,Calco Final FG QC
900C0011,ABSiL‚ĄĘ Asian Ivory ABS,ABS,Kg,1,1,FIFO,1,1,0,1,0,0,,Calco Final FG QC
900C0011F,ABSiL‚ĄĘ UF FR Asian Ivory ABS,ABS,Kg,1,1,FIFO,1,1,0,1,0,0,,Calco Final FG QC
900C0012,ABSiL‚ĄĘ UF ABS Pink,ABS,Kg,1,1,FIFO,1,1,0,1,0,0,,Calco Final FG QC
900C0013,ABSiL‚ĄĘ UF ABS Ivory,ABS,Kg,1,1,FIFO,1,1,0,1,0,0,,Calco Final FG QC
900C0021,ABSiL‚ĄĘ UF ABS Dark Pink,ABS,Kg,1,1,FIFO,1,1,0,1,0,0,,Calco Final FG QC
900C0022,ABSiL‚ĄĘ UF ABS Red,ABS,Kg,1,1,FIFO,1,1,0,1,0,0,,Calco Final FG QC
900C0023,ABS PINK,ABS,Kg,1,1,FIFO,1,1,0,1,0,0,,Calco Final FG QC
900C0031,ABS NATURAL,ABS,Kg,1,1,FIFO,1,1,0,1,0,0,,Calco Final FG QC
900C0031F,ABSiL‚ĄĘ UF FR ABS Natural,ABS,Kg,1,1,FIFO,1,1,0,1,0,0,,Calco Final FG QC
900C0051,ABS LEMON GREEN,ABS,Kg,1,1,FIFO,1,1,0,1,0,0,,Calco Final FG QC
900C0061,ABSiL‚ĄĘ UF ABS Sky Blue,ABS,Kg,1,1,FIFO,1,1,0,1,0,0,,Calco Final FG QC
900C0061F,ABSiL‚ĄĘ ABS FR Blue,ABS,Kg,1,1,FIFO,1,1,0,1,0,0,,Calco Final FG QC
900C0062,ABS BLUE,ABS,Kg,1,1,FIFO,1,1,0,1,0,0,,Calco Final FG QC
900C0063,ABSiL‚ĄĘ ABS UF Blue,ABS,Kg,1,1,FIFO,1,1,0,1,0,0,,Calco Final FG QC
900C0064,ABSiL‚ĄĘ UF ABS Navy Blue,ABS,Kg,1,1,FIFO,1,1,0,1,0,0,,Calco Final FG QC
900C0082,ABSiL‚ĄĘ ABS Maruti Grey,ABS,Kg,1,1,FIFO,1,1,0,1,0,0,,Calco Final FG QC
900C0083,ABSiL‚ĄĘ ABS UF Grey,ABS,Kg,1,1,FIFO,1,1,0,1,0,0,,Calco Final FG QC
900C0084,ABSiL‚ĄĘ UF ABS Dark Grey,ABS,Kg,1,1,FIFO,1,1,0,1,0,0,,Calco Final FG QC
900C0085,ABSiL‚ĄĘ UF ABS Grey,ABS,Kg,1,1,FIFO,1,1,0,1,0,0,,Calco Final FG QC
900C0086,ABSiL‚ĄĘ UF ABS Silver Grey,ABS,Kg,1,1,FIFO,1,1,0,1,0,0,,Calco Final FG QC
900C0087,ABSiL‚ĄĘ UF ABS Grey,ABS,Kg,1,1,FIFO,1,1,0,1,0,0,,Calco Final FG QC
900C0091,ABS WHITE,ABS,Kg,1,1,FIFO,1,1,0,1,0,0,,Calco Final FG QC
900C0091F,ABSiL‚ĄĘ ABS FR IFB White,ABS,Kg,1,1,FIFO,1,1,0,1,0,0,,Calco Final FG QC
900C0092,ABS BLUISH WHITE,ABS,Kg,1,1,FIFO,1,1,0,1,0,0,,Calco Final FG QC
900C0093,ABSiL‚ĄĘ Opel White ABS,ABS,Kg,1,1,FIFO,1,1,0,1,0,0,,Calco Final FG QC
900C0093B,ABSiL‚ĄĘ UF ABS Opal White,ABS,Kg,1,1,FIFO,1,1,0,1,0,0,,Calco Final FG QC
900C0093F,ABSiL‚ĄĘ ABS UF FR Opal White,ABS,Kg,1,1,FIFO,1,1,0,1,0,0,,Calco Final FG QC
900C0095,ABSiL‚ĄĘ IFB White ABS,ABS,Kg,1,1,FIFO,1,1,0,1,0,0,,Calco Final FG QC
900C0096,"ABSiL‚ĄĘ ABS, IFB Off White",ABS,Kg,1,1,FIFO,1,1,0,1,0,0,,Calco Final FG QC
900C0096A,ABSiL‚ĄĘ UF ABS IFB OFF White,ABS,Kg,1,1,FIFO,1,1,0,1,0,0,,Calco Final FG QC
900C0096P,ABSiL‚ĄĘ UF ABS IFB White,ABS,Kg,1,1,FIFO,1,1,0,1,0,0,,Calco Final FG QC
900C0097,ABSiL‚ĄĘ UF ABS White,ABS,Kg,1,1,FIFO,1,1,0,1,0,0,,Calco Final FG QC
900C0098,ABSiL‚ĄĘ UF/ABS RAL 9016 White,ABS,Kg,1,1,FIFO,1,1,0,1,0,0,,Calco Final FG QC
900C1001,ABSiL‚ĄĘ 15% GF ABS Black,ABS,Kg,1,1,FIFO,1,1,0,1,0,0,,Calco Final FG QC
900C1002,ABSiL‚ĄĘ 7% GF ABS Black,ABS,Kg,1,1,FIFO,1,1,0,1,0,0,,Calco Final FG QC
900C1031,ABSiL‚ĄĘ 15% GF ABS Natural,ABS,Kg,1,1,FIFO,1,1,0,1,0,0,,Calco Final FG QC
900C1231,ABS NATURAL,ABS,Kg,1,1,FIFO,1,1,0,1,0,0,,Calco Final FG QC
900C2001,ABSiL‚ĄĘ 20% GF ABS BLACK,ABS,Kg,1,1,FIFO,1,1,0,1,0,0,,Calco Final FG QC
900C2031,ABSiL‚ĄĘ 20% GF ABS Natural,ABS,Kg,1,1,FIFO,1,1,0,1,0,0,,Calco Final FG QC
900C2032,ABSiL‚ĄĘ 20% GF ABS Natural,ABS,Kg,1,1,FIFO,1,1,0,1,0,0,,Calco Final FG QC
900C2041,ABSiL‚ĄĘ 25% GF ABS Yellow,ABS,Kg,1,1,FIFO,1,1,0,1,0,0,,Calco Final FG QC
900C2091,ABSiL‚ĄĘ 20% GF ABS WHITE,ABS,Kg,1,1,FIFO,1,1,0,1,0,0,,Calco Final FG QC
900C2092,ABSiL‚ĄĘ 20% GF ABS WHITE,ABS,Kg,1,1,FIFO,1,1,0,1,0,0,,Calco Final FG QC
900C3041,ABSiL‚ĄĘ 30% GF ABS Yellow,ABS,Kg,1,1,FIFO,1,1,0,1,0,0,,Calco Final FG QC
901C0001,ABSiL‚ĄĘ ABS Unfilled Black,ABS,Kg,1,1,FIFO,1,1,0,1,0,0,,Calco Final FG QC
901C0081,ABSiL‚ĄĘ Unfilled ABS Grey,ABS,Kg,1,1,FIFO,1,1,0,1,0,0,,Calco Final FG QC
901C0081F,US FR ABS Compund,ABS,Kg,1,1,FIFO,1,1,0,1,0,0,,Calco Final FG QC
901C0082,ABS Green,ABS,Kg,1,1,FIFO,1,1,0,1,0,0,,Calco Final FG QC
901C0083,ABSiL‚ĄĘ Havells Green ABS,ABS,Kg,1,1,FIFO,1,1,0,1,0,0,,Calco Final FG QC
901C1001,ABSiL‚ĄĘ 15% GF ABS Black,ABS,Kg,1,1,FIFO,1,1,0,1,0,0,,Calco Final FG QC
901C2001,ABSiL‚ĄĘ 20% GF ABS Black,ABS,Kg,1,1,FIFO,1,1,0,1,0,0,,Calco Final FG QC
901D002,Unfilled FR ABS Gray,ABS,Kg,1,1,FIFO,1,1,0,1,0,0,,Calco Final FG QC
910C2031,ABSiL‚ĄĘ 20% GF SAN Natural,Unclassified FG,Kg,1,1,FIFO,1,1,0,1,0,0,,Calco Final FG QC
910C2032,ABSiL‚ĄĘ 20% GF SAN Natural,Unclassified FG,Kg,1,1,FIFO,1,1,0,1,0,0,,Calco Final FG QC
910C3031,ABSiL‚ĄĘ 30% GF SAN Natural,Unclassified FG,Kg,1,1,FIFO,1,1,0,1,0,0,,Calco Final FG QC
L/OLD,UD Material,PA6,Kg,1,1,FIFO,1,1,0,1,0,0,,Calco Final FG QC
TRANSFER,Transfer,Unclassified FG,Kg,1,1,FIFO,1,1,0,1,0,0,,Calco Final FG QC
730C3094F,ZiLITE‚ĄĘ 30% GPFRPBT,PBT,Kg,1,1,FIFO,1,1,0,1,0,0,,Calco Final FG QC
510C2031,20% GF PP Natural,PP,Kg,1,1,FIFO,1,1,0,1,0,0,,Calco Final FG QC
730C2091LOP,ZiLITE‚ĄĘ PBT LED White,PBT,Kg,1,1,FIFO,1,1,0,1,0,0,,Calco Final FG QC
730C2091K,ZiLITE‚ĄĘ 20% GF PBT CFL WHITE,PBT,Kg,1,1,FIFO,1,1,0,1,0,0,,Calco Final FG QC
500C2294,20% MF PP White,PP,Kg,1,1,FIFO,1,1,0,1,0,0,,Calco Final FG QC
710C1042,CiLON‚ĄĘ 15% GF PA6 Yellow,PA6,Kg,1,1,FIFO,1,1,0,1,0,0,,Calco Final FG QC
710C3001A,CiLON‚ĄĘ 30% GF PA6 Black,PA6,Kg,1,1,FIFO,1,1,0,1,0,0,,Calco Final FG QC
730C3001UVS,ZiLITE‚ĄĘ 30% GF PBT Black,PBT,Kg,1,1,FIFO,1,1,0,1,0,0,,Calco Final FG QC
500C4001,40% GF PP Black,PP,Kg,1,1,FIFO,1,1,0,1,0,0,,Calco Final FG QC
710C3131,CiLON‚ĄĘ 30% MF PA6 Natural,PA6,Kg,1,1,FIFO,1,1,0,1,0,0,,Calco Final FG QC
711C0032,eCiLON‚ĄĘ UF PA6 natural,PA6,Kg,1,1,FIFO,1,1,0,1,0,0,,Calco Final FG QC
710C3022A,CiLON‚ĄĘ 30% GF PA6 RED,PA6,Kg,1,1,FIFO,1,1,0,1,0,0,,Calco Final FG QC
710C0022A,CiLON‚ĄĘ UF PA6 RED,PA6,Kg,1,1,FIFO,1,1,0,1,0,0,,Calco Final FG QC
720C2011,CiLON‚ĄĘ 25% GF PA66 BROWN,PA66,Kg,1,1,FIFO,1,1,0,1,0,0,,Calco Final FG QC
730C3001A,ZiLITE‚ĄĘ 30% GF PBT JET Black,PBT,Kg,1,1,FIFO,1,1,0,1,0,0,,Calco Final FG QC
500C3021,30% GF PP RAL 2001 Red,PP,Kg,1,1,FIFO,1,1,0,1,0,0,,Calco Final FG QC
730C2091C,ZiLITE‚ĄĘ 20% GF CFL PBT White,PBT,Kg,1,1,FIFO,1,1,0,1,0,0,,Calco Final FG QC
711C1001A,eCiLON‚ĄĘ 15% GF PA6 Black,PA6,Kg,1,1,FIFO,1,1,0,1,0,0,,Calco Final FG QC
500C3011,30% GF PP RAL 1014 Ivory,PP,Kg,1,1,FIFO,1,1,0,1,0,0,,Calco Final FG QC
710C3003UVS,CiLON‚ĄĘ 30% PA6 Black UVS,PA6,Kg,1,1,FIFO,1,1,0,1,0,0,,Calco Final FG QC
730C2094F1,ZiLITE‚ĄĘ 20% GF FR CFL White PBT,PBT,Kg,1,1,FIFO,1,1,0,1,0,0,,Calco Final FG QC
500C3051,30% GF PP RAL 6010 Green,PP,Kg,1,1,FIFO,1,1,0,1,0,0,,Calco Final FG QC
720C2012,CiLON‚ĄĘ 25% GF PA66 Brown,PA66,Kg,1,1,FIFO,1,1,0,1,0,0,,Calco Final FG QC
711C0002A,eCiLON‚ĄĘ UF PA6 Black,Unclassified FG,Kg,1,1,FIFO,1,1,0,1,0,0,,Calco Final FG QC
710C3081A,CiLON‚ĄĘ 30%GF PA6 RAL 7016 Grey,PA6,Kg,1,1,FIFO,1,1,0,1,0,0,,Calco Final FG QC
770C3001,30% GF PBT+ASA BLK,Unclassified FG,Kg,1,1,FIFO,1,1,0,1,0,0,,Calco Final FG QC
740C3001F,30% GF FR PET Black,Unclassified FG,Kg,1,1,FIFO,1,1,0,1,0,0,,Calco Final FG QC
740C3003F,30% GF FR PET Black,Unclassified FG,Kg,1,1,FIFO,1,1,0,1,0,0,,Calco Final FG QC
730C3091F1,ZiLITE‚ĄĘ 30% GF FR PBT White,PBT,Kg,1,1,FIFO,1,1,0,1,0,0,,Calco Final FG QC
710C3081FA,CiLON‚ĄĘ 30% GF PA6 Dark Grey,PA6,Kg,1,1,FIFO,1,1,0,1,0,0,,Calco Final FG QC
751C0091FOP,PiCAN‚ĄĘ UF FR PC Opaque White,Unclassified FG,Kg,1,1,FIFO,1,1,0,1,0,0,,Calco Final FG QC
730C3086F,ZiLITE‚ĄĘ 30% GF FRPBT Dark Grey,PBT,Kg,1,1,FIFO,1,1,0,1,0,0,,Calco Final FG QC
730C2386F,ZiLITE‚ĄĘ 20% MF+5% GF PBT White FR,PBT,Kg,1,1,FIFO,1,1,0,1,0,0,,Calco Final FG QC
710C3092,CiLON‚ĄĘ 30% GF PA6 White,PA6,Kg,1,1,FIFO,1,1,0,1,0,0,,Calco Final FG QC
510C3381,20%+ GF+10% MF PP UVS RAL 7035 Grey,PP,Kg,1,1,FIFO,1,1,0,1,0,0,,Calco Final FG QC
710C3001UV,CiLON‚ĄĘ 30% GF PA6 UV Black,PA6,Kg,1,1,FIFO,1,1,0,1,0,0,,Calco Final FG QC
710C3031UVS,CiLON‚ĄĘ 35% PA6 UV Natural,PA6,Kg,1,1,FIFO,1,1,0,1,0,0,,Calco Final FG QC
730C3001HSF,ZiLITE‚ĄĘ 30% PBT GF FRHS Black,PBT,Kg,1,1,FIFO,1,1,0,1,0,0,,Calco Final FG QC
900C3031,ABSiL‚ĄĘ 30% GF ABS Natural,ABS,Kg,1,1,FIFO,1,1,0,1,0,0,,Calco Final FG QC
710C2201F,CiLON‚ĄĘ 20% MF FR PA6 Black,PA6,Kg,1,1,FIFO,1,1,0,1,0,0,,Calco Final FG QC
710C0002F,CiLON‚ĄĘ Unfilled FR Black PA6,PA6,Kg,1,1,FIFO,1,1,0,1,0,0,,Calco Final FG QC
731C0001,eZiLITE‚ĄĘ UF PBT Black,Unclassified FG,Kg,1,1,FIFO,1,1,0,1,0,0,,Calco Final FG QC
730C2081F,ZiLITE‚ĄĘ 20% GF FR PBT Dark Admiralty Grey,PBT,Kg,1,1,FIFO,1,1,0,1,0,0,,Calco Final FG QC
710C1002UVS,CiLON‚ĄĘ 15% GF PA6 UV Stabilized Black,PA6,Kg,1,1,FIFO,1,1,0,1,0,0,,Calco Final FG QC
712C3001,30% GF PA6/66 Black,PA66,Kg,1,1,FIFO,1,1,0,1,0,0,,Calco Final FG QC
720C3081F,CiLON‚ĄĘ 35% GF FR PA66 RAL7040 Grey,PA66,Kg,1,1,FIFO,1,1,0,1,0,0,,Calco Final FG QC
730C2083F,ZiLITE‚ĄĘ 20% GF FR PBT RAL7035 Grey,PBT,Kg,1,1,FIFO,1,1,0,1,0,0,,Calco Final FG QC
711C3002HS,eCiLON‚ĄĘ 30% GF/GB PA6 Heat Stabilized Black,PA6,Kg,1,1,FIFO,1,1,0,1,0,0,,Calco Final FG QC
720C3032F,CiLON‚ĄĘ 30% GF PA6 Natural,PA6,Kg,1,1,FIFO,1,1,0,1,0,0,,Calco Final FG QC
500C2201F,HiLENE‚ĄĘ 20% MF FR PP Black,PP,Kg,1,1,FIFO,1,1,0,1,0,0,,Calco Final FG QC
500C1191F,HiLENE‚ĄĘ 10% TF PP FR RAL9003 White,PP,Kg,1,1,FIFO,1,1,0,1,0,0,,Calco Final FG QC
730C3083,ZiLITE‚ĄĘ 30% GF PBT Light Grey,PBT,Kg,1,1,FIFO,1,1,0,1,0,0,,Calco Final FG QC
500C2001UVS,HiLENE‚ĄĘ 20% GF PP UVS Black,PP,Kg,1,1,FIFO,1,1,0,1,0,0,,Calco Final FG QC
731C2002HS,eZiLITE‚ĄĘ 20% GF PBT LED BLACK,PBT,Kg,1,1,FIFO,1,1,0,1,0,0,,Calco Final FG QC
721C1002,eCiLON‚ĄĘ 10% GF PA66 Black,PA66,Kg,1,1,FIFO,1,1,0,1,0,0,,Calco Final FG QC
710C2383F9,CiLON‚ĄĘ 20% MF + 5% GF FR PA6 Grey,PA6,Kg,1,1,FIFO,1,1,0,1,0,0,,Calco Final FG QC
710C0081F,CiLON‚ĄĘ UF FR PA6 Grey,PA6,Kg,1,1,FIFO,1,1,0,1,0,0,,Calco Final FG QC
500C1181F,HiLENE‚ĄĘ 10% TF PP FR Antracit 7016 Grey,Unclassified FG,Kg,1,1,FIFO,1,1,0,1,0,0,,Calco Final FG QC
510C2091,HiLENE‚ĄĘ 20% GF PP White,PP,Kg,1,1,FIFO,1,1,0,1,0,0,,Calco Final FG QC
760C4001F,PiCAN‚ĄĘ ABS+PC FR Black,ABS,Kg,1,1,FIFO,1,1,0,1,0,0,,Calco Final FG QC
500C2031A,HiLENE‚ĄĘ 20% GF PP Natural,PP,Kg,1,1,FIFO,1,1,0,1,0,0,,Calco Final FG QC
710C3082A,CiLON‚ĄĘ 30% GF PA6 GREY,PA6,Kg,1,1,FIFO,1,1,0,1,0,0,,Calco Final FG QC
710C3021A,CiLON‚ĄĘ 30% GF PA6 RAL3005 Red,Unclassified FG,Kg,1,1,FIFO,1,1,0,1,0,0,,Calco Final FG QC
500C3101F,30% MF PP FR Black,PP,Kg,1,1,FIFO,1,1,0,1,0,0,,Calco Final FG QC
720C5031HS,CiLON‚ĄĘ 50% GF PA66 Natural,PA66,Kg,1,1,FIFO,1,1,0,1,0,0,,Calco Final FG QC
720C0002F,CiLON‚ĄĘ UF FR PA66 Black,PA66,Kg,1,1,FIFO,1,1,0,1,0,0,,Calco Final FG QC
710C3093F,CiLON‚ĄĘ 30% GF FR PA6 White,PA6,Kg,1,1,FIFO,1,1,0,1,0,0,,Calco Final FG QC
7203091HS,CiLON‚ĄĘ PA66,PA66,Kg,1,1,FIFO,1,1,0,1,0,0,,Calco Final FG QC
710C2003FA,CiLON‚ĄĘ 20% GF FR PA6 Black,PA6,Kg,1,1,FIFO,1,1,0,1,0,0,,Calco Final FG QC
710C0032F,CiLON‚ĄĘ UF PA6 Halogen Free FR Natural,PA6,Kg,1,1,FIFO,1,1,0,1,0,0,,Calco Final FG QC
750C3081F,PC,Unclassified FG,Kg,1,1,FIFO,1,1,0,1,0,0,,Calco Final FG QC
710C0081A,CiLON‚ĄĘ UF PA6 RAL7035 Grey,PA6,Kg,1,1,FIFO,1,1,0,1,0,0,,Calco Final FG QC
710C0081FA,CiLON‚ĄĘ UF FR PA6 RAL7035 Grey,PA6,Kg,1,1,FIFO,1,1,0,1,0,0,,Calco Final FG QC
710C6001,CiLON‚ĄĘ 60% GF PA6 Black,PA6,Kg,1,1,FIFO,1,1,0,1,0,0,,Calco Final FG QC
710C3081FB,CiLON‚ĄĘ 33% GF FR PA6 Grey,PA6,Kg,1,1,FIFO,1,1,0,1,0,0,,Calco Final FG QC
711C0002F,eCiLON‚ĄĘ UF FR PA6 Black,PA6,Kg,1,1,FIFO,1,1,0,1,0,0,,Calco Final FG QC
710C0001HTF,CiLON‚ĄĘ UF FR PA6 Black,PA6,Kg,1,1,FIFO,1,1,0,1,0,0,,Calco Final FG QC
710C2092F1,CiLON‚ĄĘ 20% GF PA6 HF FR White,PA6,Kg,1,1,FIFO,1,1,0,1,0,0,,Calco Final FG QC
720C1002,CiLON‚ĄĘ PA66,PA66,Kg,1,1,FIFO,1,1,0,1,0,0,,Calco Final FG QC
760C1001F,PiCAN‚ĄĘ 15% GF FR PC/ABS Black,Unclassified FG,Kg,1,1,FIFO,1,1,0,1,0,0,,Calco Final FG QC
500C2181F,HiLENE‚ĄĘ 25% MF FR PP Grey,PP,Kg,1,1,FIFO,1,1,0,1,0,0,,Calco Final FG QC
720C3091HS,CiLON‚ĄĘ 30% GF PA66 White,PA66,Kg,1,1,FIFO,1,1,0,1,0,0,,Calco Final FG QC
710C0023,CiLON‚ĄĘ UF PA6 Maroon,PA6,Kg,1,1,FIFO,1,1,0,1,0,0,,Calco Final FG QC
510C2282,PP,PP,Kg,1,1,FIFO,1,1,0,1,0,0,,Calco Final FG QC
520C1001F,HiLENE‚ĄĘ 10% GF Halogen Free FR PPE Black,Unclassified FG,Kg,1,1,FIFO,1,1,0,1,0,0,,Calco Final FG QC
720C3081,CiLON‚ĄĘ 30% GF PA66 RAL7043 Grey,PA66,Kg,1,1,FIFO,1,1,0,1,0,0,,Calco Final FG QC
710C4031HFHS,"CiLON‚ĄĘ 40% GF PA6 High Flow, Heat Stabilized Natural",PA6,Kg,1,1,FIFO,1,1,0,1,0,0,,Calco Final FG QC
740C0011,PC/PBT,Unclassified FG,Kg,1,1,FIFO,1,1,0,1,0,0,,Calco Final FG QC
730C3092,ZiLITE‚ĄĘ PBT,PBT,Kg,1,1,FIFO,1,1,0,1,0,0,,Calco Final FG QC
710C3002ST,CiLON‚ĄĘ 30% GF PA6 Super Tough Black,PA6,Kg,1,1,FIFO,1,1,0,1,0,0,,Calco Final FG QC
730C0031F1,ZiLITE‚ĄĘ PBT,PBT,Kg,1,1,FIFO,1,1,0,1,0,0,,Calco Final FG QC
750C1032,PiCAN‚ĄĘ 15% GF PC Natural,PA6,Kg,1,1,FIFO,1,1,0,1,0,0,,Calco Final FG QC
730C1001F,ZiLITE‚ĄĘ 15% GF FR PBT Black,PBT,Kg,1,1,FIFO,1,1,0,1,0,0,,Calco Final FG QC
730C3001UVHSHD,ZiLITE‚ĄĘ 30% GF PBT UVHSHD Black,PBT,Kg,1,1,FIFO,1,1,0,1,0,0,,Calco Final FG QC
760C0091A,PiCAN‚ĄĘ Unfilled PC/ABS White,Unclassified FG,Kg,1,1,FIFO,1,1,0,1,0,0,,Calco Final FG QC
710C3031ST,CiLON‚ĄĘ 30% GF PA6 Super Tough Natural,PA6,Kg,1,1,FIFO,1,1,0,1,0,0,,Calco Final FG QC
500C1032,HiLENE‚ĄĘ 10% GF PP Natural,PP,Kg,1,1,FIFO,1,1,0,1,0,0,,Calco Final FG QC
710C1031EDS,CiLON‚ĄĘ 15% GF PA6 EDS Natural,PA6,Kg,1,1,FIFO,1,1,0,1,0,0,,Calco Final FG QC
710C2031HFHS,"CiLON‚ĄĘ 20% GF PA6 High Flow, Heat Stabilized Natural",PA6,Kg,1,1,FIFO,1,1,0,1,0,0,,Calco Final FG QC
510C2002,HiLENE‚ĄĘ 25% GF PP Black,PP,Kg,1,1,FIFO,1,1,0,1,0,0,,Calco Final FG QC
510C2032,HiLENE‚ĄĘ 25% GF PP Natural,PP,Kg,1,1,FIFO,1,1,0,1,0,0,,Calco Final FG QC
510C2101A,21% TF PP BLACK,PP,Kg,1,1,FIFO,1,1,0,1,0,0,,Calco Final FG QC
910C3061,ABSiL‚ĄĘ 30% GF SAN Blue,Unclassified FG,Kg,1,1,FIFO,1,1,0,1,0,0,,Calco Final FG QC
510C6031,HiLENE‚ĄĘ 60% GF PP Natural,PP,Kg,1,1,FIFO,1,1,0,1,0,0,,Calco Final FG QC
790C0031,ZiLITE‚ĄĘ UF POM Natural,Unclassified FG,Kg,1,1,FIFO,1,1,0,1,0,0,,Calco Final FG QC
710C0082,CiLON‚ĄĘ UF PA6 Dark Grey,PA6,Kg,1,1,FIFO,1,1,0,1,0,0,,Calco Final FG QC
710C2383F2A,CiLON‚ĄĘ 20%MF+5%GF FR PA6 Grey,PA6,Kg,1,1,FIFO,1,1,0,1,0,0,,Calco Final FG QC
710C3092P,CiLON‚ĄĘ 30% GF+12% PTFE Filled PA6 White,PA6,Kg,1,1,FIFO,1,1,0,1,0,0,,Calco Final FG QC
721C2001A,eCiLON‚ĄĘ 20% GF PA66 Black,PA66,Kg,1,1,FIFO,1,1,0,1,0,0,,Calco Final FG QC
721C3001A,eCiLON‚ĄĘ 30% GF PA66 Black,PA66,Kg,1,1,FIFO,1,1,0,1,0,0,,Calco Final FG QC
510C2182,HiLENE‚ĄĘ 20% TF PP Dark Grey,PP,Kg,1,1,FIFO,1,1,0,1,0,0,,Calco Final FG QC
510C3031HFHS,HiLENE‚ĄĘ 30% GF PP HFHS Natural,PP,Kg,1,1,FIFO,1,1,0,1,0,0,,Calco Final FG QC
730C3004F,ZiLITE‚ĄĘ 30% GF FR PBT Black,PBT,Kg,1,1,FIFO,1,1,0,1,0,0,,Calco Final FG QC
720C3031HFHS,CiLON‚ĄĘ 33% GF PA66 HFHS Natural,PA66,Kg,1,1,FIFO,1,1,0,1,0,0,,Calco Final FG QC
730C3003FIM,ZiLITE‚ĄĘ 30% GF FR PBT Black,PBT,Kg,1,1,FIFO,1,1,0,1,0,0,,Calco Final FG QC
730C2094F2,ZiLITE‚ĄĘ 20% GF FR CFL White PBT,PBT,Kg,1,1,FIFO,1,1,0,1,0,0,,Calco Final FG QC
721C3001F,eCiLON‚ĄĘ 30% GF FR PA66 Black,PA66,Kg,1,1,FIFO,1,1,0,1,0,0,,Calco Final FG QC
710C5001P,CiLON‚ĄĘ 50% GF PA6 Black,PA6,Kg,1,1,FIFO,1,1,0,1,0,0,,Calco Final FG QC
711C3002M,eCiLON‚ĄĘ 30% GF PA6 Dark Black,PA6,Kg,1,1,FIFO,1,1,0,1,0,0,,Calco Final FG QC
730C2001F2,ZiLITE‚ĄĘ 20% GF FR PBT Black,PBT,Kg,1,1,FIFO,1,1,0,1,0,0,,Calco Final FG QC
500C2261HFHS,HiLENE‚ĄĘ 20% TF PP HFHS Sky Blue,PP,Kg,1,1,FIFO,1,1,0,1,0,0,,Calco Final FG QC
760C1004,PiCAN‚ĄĘ 15% GF PC/ABS Black,Unclassified FG,Kg,1,1,FIFO,1,1,0,1,0,0,,Calco Final FG QC
500C3091UV,HiLENE‚ĄĘ 30% GF PP UV Stabilized RAL9003 White,PP,Kg,1,1,FIFO,1,1,0,1,0,0,,Calco Final FG QC
751C0091,PiCAN‚ĄĘ UF PC White,Unclassified FG,Kg,1,1,FIFO,1,1,0,1,0,0,,Calco Final FG QC
710C2001HS,CiLON‚ĄĘ 20% GF PA6 Heat Stabilized Black,PA6,Kg,1,1,FIFO,1,1,0,1,0,0,,Calco Final FG QC
910C1031,ABSiL‚ĄĘ 10% GF SAN Natural,Unclassified FG,Kg,1,1,FIFO,1,1,0,1,0,0,,Calco Final FG QC
711C0002M,eCiLON‚ĄĘ Unfilled PA 6 Black,PA6,Kg,1,1,FIFO,1,1,0,1,0,0,,Calco Final FG QC
710C5291,CiLON‚ĄĘ 55% MF PA6 White,PA6,Kg,1,1,FIFO,1,1,0,1,0,0,,Calco Final FG QC
710C2004,CiLON‚ĄĘ 25% GF PA6 Black,PA6,Kg,1,1,FIFO,1,1,0,1,0,0,,Calco Final FG QC
710C4002,CiLON‚ĄĘ 45% GF PA6 Black,PA6,Kg,1,1,FIFO,1,1,0,1,0,0,,Calco Final FG QC
720C2181,CiLON‚ĄĘ 20% MF PA66 Grey,PA66,Kg,1,1,FIFO,1,1,0,1,0,0,,Calco Final FG QC
760C0033,PiCAN‚ĄĘ UF PBT/PC Natural,PBT,Kg,1,1,FIFO,1,1,0,1,0,0,,Calco Final FG QC
760C1032,PiCAN‚ĄĘ 11% GF PC/PBT Alloy Natural,Unclassified FG,Kg,1,1,FIFO,1,1,0,1,0,0,,Calco Final FG QC
760C0001,PiCAN‚ĄĘ UF PC/PBT Black,Unclassified FG,Kg,1,1,FIFO,1,1,0,1,0,0,,Calco Final FG QC
710C3001IMUV,CiLON‚ĄĘ 30% GF PA6 Impact Modifier UV Stabilized Black,PA6,Kg,1,1,FIFO,1,1,0,1,0,0,,Calco Final FG QC
710C3001B,CiLON‚ĄĘ 30% GF PA6 Black,PA6,Kg,1,1,FIFO,1,1,0,1,0,0,,Calco Final FG QC
730C3031HD,ZiLITE‚ĄĘ 30% GF Hydrolytic Resistance PBT Natural,PBT,Kg,1,1,FIFO,1,1,0,1,0,0,,Calco Final FG QC
710C2401,CiLON‚ĄĘ 20% GB PA6 Black,PA6,Kg,1,1,FIFO,1,1,0,1,0,0,,Calco Final FG QC
710C4302IM,CiLON‚ĄĘ 25% GF + 15% GB PA6 IM Black,PA6,Kg,1,1,FIFO,1,1,0,1,0,0,,Calco Final FG QC
710C0003F,CiLON‚ĄĘ Unfilled FR PA6 Black,PA6,Kg,1,1,FIFO,1,1,0,1,0,0,,Calco Final FG QC
500C3331,HiLENE‚ĄĘ 30% GF+MF PP Natural,PP,Kg,1,1,FIFO,1,1,0,1,0,0,,Calco Final FG QC
710C1083,CiLON‚ĄĘ 10% GF PA6 Grey,PA6,Kg,1,1,FIFO,1,1,0,1,0,0,,Calco Final FG QC
710C0004F,CiLON‚ĄĘ UF FR PA6 Black,PA6,Kg,1,1,FIFO,1,1,0,1,0,0,,Calco Final FG QC
710C4081,CiLON‚ĄĘ 40% GF PA6 RAL9006 Grey,PA6,Kg,1,1,FIFO,1,1,0,1,0,0,,Calco Final FG QC
710C0021UVS,CiLON‚ĄĘ Unfilled PA6 RAL3000 UVS Red,PA6,Kg,1,1,FIFO,1,1,0,1,0,0,,Calco Final FG QC
710C5292,CiLON‚ĄĘ 55% MF PA6 White,PA6,Kg,1,1,FIFO,1,1,0,1,0,0,,Calco Final FG QC
750C0002F,PiCAN‚ĄĘ UF PC FR Black,Unclassified FG,Kg,1,1,FIFO,1,1,0,1,0,0,,Calco Final FG QC
760C1002F,PiCAN‚ĄĘ 10% GF FR PC/ABS Black,Unclassified FG,Kg,1,1,FIFO,1,1,0,1,0,0,,Calco Final FG QC
711C3002IM,eCiLON‚ĄĘ 30% GF PA6 IM Black,PA6,Kg,1,1,FIFO,1,1,0,1,0,0,,Calco Final FG QC
710C3032HFHS,"CiLON‚ĄĘ 30% GF PA6 High Flow, Heat Stabilized Natural",PA6,Kg,1,1,FIFO,1,1,0,1,0,0,,Calco Final FG QC
720C1181,CiLON‚ĄĘ 15% MF PA66 Grey,PA66,Kg,1,1,FIFO,1,1,0,1,0,0,,Calco Final FG QC
770C3002,ZiLITE‚ĄĘ 30% GF PBT+ABS Black,PBT,Kg,1,1,FIFO,1,1,0,1,0,0,,Calco Final FG QC
750C1051UVS,PiCAN‚ĄĘ 10% GF PC UV Stabilized Olive Green,Unclassified FG,Kg,1,1,FIFO,1,1,0,1,0,0,,Calco Final FG QC
710C0081B,CiLON‚ĄĘ Unfilled PA6 Grey,PA6,Kg,1,1,FIFO,1,1,0,1,0,0,,Calco Final FG QC
710C0082F,CiLON‚ĄĘ UF FR PA6 Grey,PA6,Kg,1,1,FIFO,1,1,0,1,0,0,,Calco Final FG QC
710C0034,CiLON‚ĄĘ UF PA6 Natural,PA6,Kg,1,1,FIFO,1,1,0,1,0,0,,Calco Final FG QC
710C3002F,CiLON‚ĄĘ 30% GF Halogenated FR PA6 Black,PA6,Kg,1,1,FIFO,1,1,0,1,0,0,,Calco Final FG QC
500C3032,HiLENE‚ĄĘ 30% GF PP Natural,PP,Kg,1,1,FIFO,1,1,0,1,0,0,,Calco Final FG QC
730C3051,ZiLITE‚ĄĘ 30% GF PBT RAL6001 Green,PBT,Kg,1,1,FIFO,1,1,0,1,0,0,,Calco Final FG QC
750C0081F,PiCAN‚ĄĘ UF FR PC RAL7035 Grey,Unclassified FG,Kg,1,1,FIFO,1,1,0,1,0,0,,Calco Final FG QC
720C0031F1,CILON TM UF FR PA66 NATURAL,PA66,Kg,1,1,FIFO,1,1,0,1,0,0,,Calco Final FG QC
740C3004,ZiLITE‚ĄĘ 30% GF PET Black,Unclassified FG,Kg,1,1,FIFO,1,1,0,1,0,0,,Calco Final FG QC
760C2181,PiCAN‚ĄĘ 20% MF PC+PBT Grey,Unclassified FG,Kg,1,1,FIFO,1,1,0,1,0,0,,Calco Final FG QC
720C3051HS,CiLON‚ĄĘ 30% GF PA66 Heat Stabilized Green,PA66,Kg,1,1,FIFO,1,1,0,1,0,0,,Calco Final FG QC
710C3034,CiLON‚ĄĘ 30% GF PA6 Natural,PA6,Kg,1,1,FIFO,1,1,0,1,0,0,,Calco Final FG QC
730C2095,ZiLITE‚ĄĘ 20% GF PBT White,PBT,Kg,1,1,FIFO,1,1,0,1,0,0,,Calco Final FG QC
740C5002,ZiLITE‚ĄĘ 50% GF PET Black,Unclassified FG,Kg,1,1,FIFO,1,1,0,1,0,0,,Calco Final FG QC
721C0001T,eCiLON‚ĄĘ UF PA66 Tough Black,PA66,Kg,1,1,FIFO,1,1,0,1,0,0,,Calco Final FG QC
710C5001HF,CiLON‚ĄĘ 50% GF PA6 HF Black,PA6,Kg,1,1,FIFO,1,1,0,1,0,0,,Calco Final FG QC
720C2082F1,CiLON‚ĄĘ 25% GF Halogen & Phosphorus Free FR PA66 RAL 7035 Grey,PA66,Kg,1,1,FIFO,1,1,0,1,0,0,,Calco Final FG QC
720C2082F1L,CiLON‚ĄĘ 25% GF Halogen & Phosphorus Free FR Laser Markable PA66 RAL 7035 Grey,PA66,Kg,1,1,FIFO,1,1,0,1,0,0,,Calco Final FG QC
730C3087F,ZiLITE‚ĄĘ 30% GF FR PBT RAL7031 Grey,PBT,Kg,1,1,FIFO,1,1,0,1,0,0,,Calco Final FG QC
710C3033F,CiLON‚ĄĘ 30% GF FR PA6 Natural,PA6,Kg,1,1,FIFO,1,1,0,1,0,0,,Calco Final FG QC
720C3531,CiLON‚ĄĘ 30% GF + 15% PTFE Filled PA66 Natural,PA66,Kg,1,1,FIFO,1,1,0,1,0,0,,Calco Final FG QC
720C2032F,CiLON‚ĄĘ 25% GF FR PA66 Natural,PA66,Kg,1,1,FIFO,1,1,0,1,0,0,,Calco Final FG QC
710C2282F,CiLON‚ĄĘ 25% MF FR PA6 Grey,PA6,Kg,1,1,FIFO,1,1,0,1,0,0,,Calco Final FG QC
710C5291N,CiLON‚ĄĘ 55% MF PA6 White,PA6,Kg,1,1,FIFO,1,1,0,1,0,0,,Calco Final FG QC
730C3095F,ZiLITE‚ĄĘ 30% GF FR PBT White,PBT,Kg,1,1,FIFO,1,1,0,1,0,0,,Calco Final FG QC
721C3002HS,eCiLON‚ĄĘ 33% GF PA66 Heat Stabilized Black,PA66,Kg,1,1,FIFO,1,1,0,1,0,0,,Calco Final FG QC
710C3035,CiLON‚ĄĘ 30% GF PA6 Pure Natural,PA6,Kg,1,1,FIFO,1,1,0,1,0,0,,Calco Final FG QC
710C2091MF,CiLON‚ĄĘ 20% GF FR PA6 RAL 7047 White,PA6,Kg,1,1,FIFO,1,1,0,1,0,0,,Calco Final FG QC
710C2092MF,CiLON‚ĄĘ 20% GF FR PA6 RAL 9003 White,PA6,Kg,1,1,FIFO,1,1,0,1,0,0,,Calco Final FG QC
720C2013,CiLON‚ĄĘ 25% GF PA66 Brown,PA66,Kg,1,1,FIFO,1,1,0,1,0,0,,Calco Final FG QC
730C3001HDL,ZiLITE‚ĄĘ 30% GF PBT Hydrolysis Resistance and Laser Markable Black,PBT,Kg,1,1,FIFO,1,1,0,1,0,0,,Calco Final FG QC
711C2081F1,eCiLON‚ĄĘ 20% GF FR PA6 RAL 7035 Grey,PA6,Kg,1,1,FIFO,1,1,0,1,0,0,,Calco Final FG QC
730C4001F,ZiLITE‚ĄĘ 40% GF FR PBT Black,PBT,Kg,1,1,FIFO,1,1,0,1,0,0,,Calco Final FG QC
730C3093,ZiLITE‚ĄĘ 30% GF PBT White,PBT,Kg,1,1,FIFO,1,1,0,1,0,0,,Calco Final FG QC
730C2095F,ZiLITE‚ĄĘ 20% GF FR PBT White,PBT,Kg,1,1,FIFO,1,1,0,1,0,0,,Calco Final FG QC
710C3087F,CiLON‚ĄĘ 37% GF FR PA6 Grey,PA6,Kg,1,1,FIFO,1,1,0,1,0,0,,Calco Final FG QC
710C5001HS,CiLON‚ĄĘ 50% GF PA6 Heat Stabilized Black,PA6,Kg,1,1,FIFO,1,1,0,1,0,0,,Calco Final FG QC
710C0022F,CiLON‚ĄĘ UF FR PA6 Red,PA6,Kg,1,1,FIFO,1,1,0,1,0,0,,Calco Final FG QC
720C0081F,CiLON‚ĄĘ UF FR PA66 RAL 7035 Grey,PA66,Kg,1,1,FIFO,1,1,0,1,0,0,,Calco Final FG QC
720C3034HS,CiLON‚ĄĘ 30% GF PA66 Heat Stabilized Natural,PA66,Kg,1,1,FIFO,1,1,0,1,0,0,,Calco Final FG QC
720C5001F,CiLON‚ĄĘ 50% GF FR PA66 Black,PA66,Kg,1,1,FIFO,1,1,0,1,0,0,,Calco Final FG QC
711C2092F,CiLON‚ĄĘ 20% GF FR PA6 RAL 9003 White,PA6,Kg,1,1,FIFO,1,1,0,1,0,0,,Calco Final FG QC
710C5001F,CiLON‚ĄĘ 50% GF FR PA6 Black,PA6,Kg,1,1,FIFO,1,1,0,1,0,0,,Calco Final FG QC
720C3003F,CiLON‚ĄĘ 30% GF FR PA66 Black,PA66,Kg,1,1,FIFO,1,1,0,1,0,0,,Calco Final FG QC
710C3061F,CiLON‚ĄĘ 30% GF FR PA6 Pantone 286C Dark Blue,PA6,Kg,1,1,FIFO,1,1,0,1,0,0,,Calco Final FG QC
740C3033,ZiLITE‚ĄĘ 35% GF PET Natural,Unclassified FG,Kg,1,1,FIFO,1,1,0,1,0,0,,Calco Final FG QC
710C3021F,CiLON‚ĄĘ 30% GF FR PA6 RAL3000 Red,PA6,Kg,1,1,FIFO,1,1,0,1,0,0,,Calco Final FG QC
710C3091HFHS,CiLON‚ĄĘ 30% GF PA6 HFHS White,PA6,Kg,1,1,FIFO,1,1,0,1,0,0,,Calco Final FG QC
710C0001HS,CiLON‚ĄĘ Unfilled PA6 Heat Stabilized Black,PA6,Kg,1,1,FIFO,1,1,0,1,0,0,,Calco Final FG QC
710C3001J,CiLON‚ĄĘ 30% GF PA6 Jet Black,PA6,Kg,1,1,FIFO,1,1,0,1,0,0,,Calco Final FG QC
710C2383F10,CiLON‚ĄĘ 15% MF + 10% GF FR PA6 MCB RAL7035 Grey,PA6,Kg,1,1,FIFO,1,1,0,1,0,0,,Calco Final FG QC
710C1001J,CiLON‚ĄĘ 15% GF PA6 Jet Black,PA6,Kg,1,1,FIFO,1,1,0,1,0,0,,Calco Final FG QC
740C1101,ZiLITE‚ĄĘ 10% MF PBT + PC Black,PBT,Kg,1,1,FIFO,1,1,0,1,0,0,,Calco Final FG QC
720C2082F2,CiLON‚ĄĘ 25% GF Red Phosphorus FR PA66 RAL 7016 Grey,PA66,Kg,1,1,FIFO,1,1,0,1,0,0,,Calco Final FG QC
710C3036,CiLON‚ĄĘ30% GF PA6 Natural,PA6,Kg,1,1,FIFO,1,1,0,1,0,0,,Calco Final FG QC
730D3031,ZiLITE‚ĄĘ 30% GF PBT Natural,PBT,Kg,1,1,FIFO,1,1,0,1,0,0,,Calco Final FG QC
730D3001L,ZiLITE‚ĄĘ30% GF PBT Laser Markable Black,PBT,Kg,1,1,FIFO,1,1,0,1,0,0,,Calco Final FG QC
750C0082F,PiCAN‚ĄĘ UF FR PC RAL7015 Grey,Unclassified FG,Kg,1,1,FIFO,1,1,0,1,0,0,,Calco Final FG QC
710D3086F,CiLON‚ĄĘ 30% GF FR PA6 Grey,PA6,Kg,1,1,FIFO,1,1,0,1,0,0,,Calco Final FG QC
710C3031F2,CiLON‚ĄĘ30% GF FR PA6 Natural,PA6,Kg,1,1,FIFO,1,1,0,1,0,0,,Calco Final FG QC
712D1001,ReViveX‚ĄĘ15% GF PA6 Black,PA6,Kg,1,1,FIFO,1,1,0,1,0,0,,Calco Final FG QC
730C3091,ZiLITE‚ĄĘ 30% GF PBT White,PBT,Kg,1,1,FIFO,1,1,0,1,0,0,,Calco Final FG QC
750C1002F,PiCAN‚ĄĘ 10 % GF FR PC Black,Unclassified FG,Kg,1,1,FIFO,1,1,0,1,0,0,,Calco Final FG QC
510C2031HFHS,HiLENE‚ĄĘ 20% GF PP HFHS Natural,PP,Kg,1,1,FIFO,1,1,0,1,0,0,,Calco Final FG QC
711D1001F,eCiLON‚ĄĘ15% GF FR PA6 Black,PA6,Kg,1,1,FIFO,1,1,0,1,0,0,,Calco Final FG QC
710C0031A,CiLON‚ĄĘUF PA6 Natural,PA6,Kg,1,1,FIFO,1,1,0,1,0,0,,Calco Final FG QC
722D1101HSIM,ReViveX‚ĄĘ15% MF PA66 Heat Stabilized impact Modifier Black,PA66,Kg,1,1,FIFO,1,1,0,1,0,0,,Calco Final FG QC
750D1001F,PiCAN‚ĄĘ 10 % GF FR PC Black,Unclassified FG,Kg,1,1,FIFO,1,1,0,1,0,0,,Calco Final FG QC
730D1081,ZiLITE‚ĄĘ 15% GF PBT Grey,PBT,Kg,1,1,FIFO,1,1,0,1,0,0,,Calco Final FG QC
730D3091,ZiLITE‚ĄĘ 30% GF PBT White,PBT,Kg,1,1,FIFO,1,1,0,1,0,0,,Calco Final FG QC
720D3022,CiLON‚ĄĘ 33% GF PA66 Red,PA66,Kg,1,1,FIFO,1,1,0,1,0,0,,Calco Final FG QC
722D3001,ReViveX‚ĄĘ 35% GF PA66 Black,PA66,Kg,1,1,FIFO,1,1,0,1,0,0,,Calco Final FG QC
710D3002UV,CiLON‚ĄĘ 30% GF PA6 Black,PA6,Kg,1,1,FIFO,1,1,0,1,0,0,,Calco Final FG QC
710D1031F,CiLON‚ĄĘ 15% GF FR PA6 Natural,PA6,Kg,1,1,FIFO,1,1,0,1,0,0,,Calco Final FG QC
740D3041F,ZiLITE‚ĄĘ 30% GF FR PET Light Yellow,Unclassified FG,Kg,1,1,FIFO,1,1,0,1,0,0,,Calco Final FG QC
710D1004HS,CiLON‚ĄĘ 15% GF PA6 Black,PA6,Kg,1,1,FIFO,1,1,0,1,0,0,,Calco Final FG QC
710C003XF,CiLON‚ĄĘ UF FR PA6 Natural,PA6,Kg,1,1,FIFO,1,1,0,1,0,0,,Calco Final FG QC
710C009XF,CiLON‚ĄĘ 50% GF FR PA6 White,PA6,Kg,1,1,FIFO,1,1,0,1,0,0,,Calco Final FG QC
710C000XF,CiLON‚ĄĘ UF FR PA6 Black,PA6,Kg,1,1,FIFO,1,1,0,1,0,0,,Calco Final FG QC
710C002XF,CiLON‚ĄĘ UF FR PA6 Red,PA6,Kg,1,1,FIFO,1,1,0,1,0,0,,Calco Final FG QC
710C503XF,CiLON‚ĄĘ 50% GF FR PA6 Natural,PA6,Kg,1,1,FIFO,1,1,0,1,0,0,,Calco Final FG QC
710C500XF,CiLON‚ĄĘ 50% GF FR PA6 Black,PA6,Kg,1,1,FIFO,1,1,0,1,0,0,,Calco Final FG QC
710C502XF,CiLON‚ĄĘ 50% GF FR PA6 Red,PA6,Kg,1,1,FIFO,1,1,0,1,0,0,,Calco Final FG QC
710C509XF,CiLON‚ĄĘ 50% GF FR PA6 White,PA6,Kg,1,1,FIFO,1,1,0,1,0,0,,Calco Final FG QC
711D5002,eCiLON‚ĄĘ 50% GF PA6 Black,PA6,Kg,1,1,FIFO,1,1,0,1,0,0,,Calco Final FG QC
720D0003F,CiLON‚ĄĘ UF PA66 Natural,PA66,Kg,1,1,FIFO,1,1,0,1,0,0,,Calco Final FG QC
722D2001F,ReViveX¬ģ 25% GF FR PA66 Red Phosphorus Black,PA66,Kg,1,1,FIFO,1,1,0,1,0,0,,Calco Final FG QC
730D3391,ZiLITE‚ĄĘ 30% GF PBT White,PBT,Kg,1,1,FIFO,1,1,0,1,0,0,,Calco Final FG QC
730D3392,ZiLITE‚ĄĘ 30% GF PBT White,PBT,Kg,1,1,FIFO,1,1,0,1,0,0,,Calco Final FG QC
720D0032HS,CiLON‚ĄĘ UF PA66 Natural,PA66,Kg,1,1,FIFO,1,1,0,1,0,0,,Calco Final FG QC
510D2294,HiLENE‚ĄĘ 20% MF PP White,PP,Kg,1,1,FIFO,1,1,0,1,0,0,,Calco Final FG QC
510D2295,HiLENE‚ĄĘ 20% MF PP White,PP,Kg,1,1,FIFO,1,1,0,1,0,0,,Calco Final FG QC
731D5391,ReViveX¬ģ 55% GF+MF PBT White,PBT,Kg,1,1,FIFO,1,1,0,1,0,0,,Calco Final FG QC
730D2096F,ZiLITE‚ĄĘ 20% GF FR PBT White,PBT,Kg,1,1,FIFO,1,1,0,1,0,0,,Calco Final FG QC
711D3004HS,CiLON‚ĄĘ 30% GF PA6 Heat Stabilized Black,PA6,Kg,1,1,FIFO,1,1,0,1,0,0,,Calco Final FG QC
720D1033,CiLON‚ĄĘ 15% GF PA66 Natural,PA66,Kg,1,1,FIFO,1,1,0,1,0,0,,Calco Final FG QC
710D2004F,CiLON‚ĄĘ 20% GF FR PA6 Black,PA6,Kg,1,1,FIFO,1,1,0,1,0,0,,Calco Final FG QC
720D0004F,CiLON‚ĄĘ UF FR PA66 Black,PA66,Kg,1,1,FIFO,1,1,0,1,0,0,,Calco Final FG QC
730D3005F,ZiLITE‚ĄĘ 30% GF FR PBT Black,PBT,Kg,1,1,FIFO,1,1,0,1,0,0,,Calco Final FG QC
710D2033F,CiLON‚ĄĘ 25% GF FR PA6 Natural,PA6,Kg,1,1,FIFO,1,1,0,1,0,0,,Calco Final FG QC
710D2061F,CiLON‚ĄĘ 25% GF FR PA6 Blue,PA6,Kg,1,1,FIFO,1,1,0,1,0,0,,Calco Final FG QC
710D2021F,CiLON‚ĄĘ 25% GF FR PA6 Red,PA6,Kg,1,1,FIFO,1,1,0,1,0,0,,Calco Final FG QC
710D2087F,CiLON‚ĄĘ 25% GF FR PA6 Grey,PA6,Kg,1,1,FIFO,1,1,0,1,0,0,,Calco Final FG QC
710D1532,CiLON‚ĄĘ 20% Teflon Filled PA6 Natural,PA6,Kg,1,1,FIFO,1,1,0,1,0,0,,Calco Final FG QC
720D1533,CiLON‚ĄĘ 20% Teflon Filled PA66 Natural,PA66,Kg,1,1,FIFO,1,1,0,1,0,0,,Calco Final FG QC
711D3008,CiLON‚ĄĘ 30% GF PA6 Black,PA6,Kg,1,1,FIFO,1,1,0,1,0,0,,Calco Final FG QC
710D3004F,CiLON‚ĄĘ 30% GF FR PA6 Black,PA6,Kg,1,1,FIFO,1,1,0,1,0,0,,Calco Final FG QC
730D2097F,ZiLITE‚ĄĘ 20% GF FR PBT White,PBT,Kg,1,1,FIFO,1,1,0,1,0,0,,Calco Final FG QC
740C2001,ZiLITE‚ĄĘ20% GF PBT/PET Black,PBT,Kg,1,1,FIFO,1,1,0,1,0,0,,Calco Final FG QC
710D3006-4,CiLON‚ĄĘ 30% GF PA6 Black,PA6,Kg,1,1,FIFO,1,1,0,1,0,0,,Calco Final FG QC
710D1004-4,CiLON‚ĄĘ 15% GF PA6 Black,PA6,Kg,1,1,FIFO,1,1,0,1,0,0,,Calco Final FG QC
720D3004F,CiLON‚ĄĘ 30% GF FR PA66 Black,PA66,Kg,1,1,FIFO,1,1,0,1,0,0,,Calco Final FG QC
720D4033,CiLON‚ĄĘ 43% GF PA66 Natural,PA66,Kg,1,1,FIFO,1,1,0,1,0,0,,Calco Final FG QC
720D3007HS,CiLON‚ĄĘ 35% GF PA66 Heat Stabilized Black,PA66,Kg,1,1,FIFO,1,1,0,1,0,0,,Calco Final FG QC
720D0003HS,CiLON‚ĄĘ UF PA66 Heat Stabilized Black,PA66,Kg,1,1,FIFO,1,1,0,1,0,0,,Calco Final FG QC
710D5002HS,CiLON‚ĄĘ 50% GF PA6 Heat Stabilized Black,PA6,Kg,1,1,FIFO,1,1,0,1,0,0,,Calco Final FG QC
710D5003,CiLON‚ĄĘ 50% GF PA6 Black,PA6,Kg,1,1,FIFO,1,1,0,1,0,0,,Calco Final FG QC
712D0031F,ReViveX‚ĄĘ UF FR PA6 Natural,PA6,Kg,1,1,FIFO,1,1,0,1,0,0,,Calco Final FG QC
720D3035HS,CiLON‚ĄĘ 30% GF PA66 Heat Stabilized Natural,PA66,Kg,1,1,FIFO,1,1,0,1,0,0,,Calco Final FG QC
710D2011F,CiLON‚ĄĘ 20% GF FR PA6 Brown,PA6,Kg,1,1,FIFO,1,1,0,1,0,0,,Calco Final FG QC
720D2083F,CiLON‚ĄĘ 25% GF FR PA66 Silk Grey,PA66,Kg,1,1,FIFO,1,1,0,1,0,0,,Calco Final FG QC
710C2383F4A,CiLON‚ĄĘ 20%MF +5%GF FR PA6 MCB Grey,PA6,Kg,1,1,FIFO,1,1,0,1,0,0,,Calco Final FG QC
720D3006HS,CiLON‚ĄĘ 30% GF PA66 Black,PA66,Kg,1,1,FIFO,1,1,0,1,0,0,,Calco Final FG QC
712D2088F-4,ReViveX ¬ģ 20% GF FR PA6 Grey,PA6,Kg,1,1,FIFO,1,1,0,1,0,0,,Calco Final FG QC
712D2094F-4,ReViveX ¬ģ 20% GF FR PA6 White,PA6,Kg,1,1,FIFO,1,1,0,1,0,0,,Calco Final FG QC
730C3393,ZiLITE‚ĄĘ 20% GF PBT White,PBT,Kg,1,1,FIFO,1,1,0,1,0,0,,Calco Final FG QC
720D0021F,CiLON‚ĄĘ UF FR PA66 Orange,PA66,Kg,1,1,FIFO,1,1,0,1,0,0,,Calco Final FG QC
710D2284F3,CiLON‚ĄĘ 25% MF FR PA6 Grey,PA6,Kg,1,1,FIFO,1,1,0,1,0,0,,Calco Final FG QC
720D0001F4,CiLON‚ĄĘ Unfilled FR PA66 Black,PA66,Kg,1,1,FIFO,1,1,0,1,0,0,,Calco Final FG QC
730D3006L,ZiLITE‚ĄĘ 30% GF PBT Black,PBT,Kg,1,1,FIFO,1,1,0,1,0,0,,Calco Final FG QC
711D3008IM,CiLON‚ĄĘ 30% GF PA6 Black,PA6,Kg,1,1,FIFO,1,1,0,1,0,0,,Calco Final FG QC
730D3033F,ZiLITE‚ĄĘ 30% GF FR PBT Natural,PBT,Kg,1,1,FIFO,1,1,0,1,0,0,,Calco Final FG QC
730D1031,ZiLITE‚ĄĘ 15% GF FR PBT Natural,PBT,Kg,1,1,FIFO,1,1,0,1,0,0,,Calco Final FG QC
730D1004F,ZiLITE‚ĄĘ 15% GF PBT Black,PBT,Kg,1,1,FIFO,1,1,0,1,0,0,,Calco Final FG QC
730D3004F,ZiLITE‚ĄĘ 30% GF FR PBT Black,PBT,Kg,1,1,FIFO,1,1,0,1,0,0,,Calco Final FG QC
770D2002,ZiLITE‚ĄĘ 20% GF PBT+ASA Black,Unclassified FG,Kg,1,1,FIFO,1,1,0,1,0,0,,Calco Final FG QC
710D3028UV,CiLON‚ĄĘ30% GF PA6 UV Stabilized Red,PA6,Kg,1,1,FIFO,1,1,0,1,0,0,,Calco Final FG QC
710D0027UV,CiLON‚ĄĘ UF PA6 UV Stabilized Red,PA6,Kg,1,1,FIFO,1,1,0,1,0,0,,Calco Final FG QC
720D2002F,CiLON‚ĄĘ 25% GF FR PA66 Red Phosphorus Black,PA66,Kg,1,1,FIFO,1,1,0,1,0,0,,Calco Final FG QC
720D3091HR,CiLON‚ĄĘ 30% GF PA66 White,PA66,Kg,1,1,FIFO,1,1,0,1,0,0,,Calco Final FG QC
712D1004-6,ReViveX ¬ģ 15% GF PA6 Black,PA6,Kg,1,1,FIFO,1,1,0,1,0,0,,Calco Final FG QC
730D1032,ZiLITE‚ĄĘ 15% GF PBT Natural,PBT,Kg,1,1,FIFO,1,1,0,1,0,0,,Calco Final FG QC
510C1193,HiLENE‚ĄĘ 15% TF PP White (Orient),PP,Kg,1,1,FIFO,1,1,0,1,0,0,,Calco Final FG QC
710D5003F2,CiLON‚ĄĘ 50% GF FR PA6 Black,PA6,Kg,1,1,FIFO,1,1,0,1,0,0,,Calco Final FG QC
722D3081F2-4,ReViveX ¬ģ 30% GF FR PA66 Grey,PA66,Kg,1,1,FIFO,1,1,0,1,0,0,,Calco Final FG QC
712D3081F2-4,ReViveX ¬ģ 30% GF FR PA6 Grey,PA6,Kg,1,1,FIFO,1,1,0,1,0,0,,Calco Final FG QC
710D6002,CiLON‚ĄĘ 60% GF PA6 Black,PA6,Kg,1,1,FIFO,1,1,0,1,0,0,,Calco Final FG QC
711D1004,HiLENE‚ĄĘ 30% GF PP Black,PP,Kg,1,1,FIFO,1,1,0,1,0,0,,Calco Final FG QC
510D3002,CiLON‚ĄĘ 25% GF FR PA66 Red Phosphorus Black,PA66,Kg,1,1,FIFO,1,1,0,1,0,0,,Calco Final FG QC
720D2002F2,HiLENE‚ĄĘ 40% GF PP FR Natural,PP,Kg,1,1,FIFO,1,1,0,1,0,0,,Calco Final FG QC
710C3001HS,HiLENE‚ĄĘ Unfilled PP FR UV stabilised,PP,Kg,1,1,FIFO,1,1,0,1,0,0,,Calco Final FG QC
510D0082F1UV,CiLON‚ĄĘ 15% GF PA6 Black,PA6,Kg,1,1,FIFO,1,1,0,1,0,0,,Calco Final FG QC
730D1033F4,eCiLON‚ĄĘ UF FR PA66 Black,PA66,Kg,1,1,FIFO,1,1,0,1,0,0,,Calco Final FG QC
620D2031,CiLON‚ĄĘ 30% GF FR PA6 Grey,PA6,Kg,1,1,FIFO,1,1,0,1,0,0,,Calco Final FG QC
610D2031,610D2031,Unclassified FG,Kg,1,1,FIFO,1,1,0,1,0,0,,Calco Final FG QC
510D0042F1,510D0042F1,Unclassified FG,Kg,1,1,FIFO,1,1,0,1,0,0,,Calco Final FG QC
510D4031F1,510D4031F1,Unclassified FG,Kg,1,1,FIFO,1,1,0,1,0,0,,Calco Final FG QC
710D2089F3,710D2089F3,Unclassified FG,Kg,1,1,FIFO,1,1,0,1,0,0,,Calco Final FG QC
720D2003F4,720D2003F4,Unclassified FG,Kg,1,1,FIFO,1,1,0,1,0,0,,Calco Final FG QC
710D2294F3,710D2294F3,Unclassified FG,Kg,1,1,FIFO,1,1,0,1,0,0,,Calco Final FG QC
710D3037,710D3037,Unclassified FG,Kg,1,1,FIFO,1,1,0,1,0,0,,Calco Final FG QC
720D0033IMF4,720D0033IMF4,Unclassified FG,Kg,1,1,FIFO,1,1,0,1,0,0,,Calco Final FG QC
710D3001MUV,710D3001MUV,Unclassified FG,Kg,1,1,FIFO,1,1,0,1,0,0,,Calco Final FG QC
730D3034F4,730D3034F4,Unclassified FG,Kg,1,1,FIFO,1,1,0,1,0,0,,Calco Final FG QC
710D2285F3,710D2285F3,Unclassified FG,Kg,1,1,FIFO,1,1,0,1,0,0,,Calco Final FG QC
720C3035,720C3035,Unclassified FG,Kg,1,1,FIFO,1,1,0,1,0,0,,Calco Final FG QC
720D0034IMF4,720D0034IMF4,Unclassified FG,Kg,1,1,FIFO,1,1,0,1,0,0,,Calco Final FG QC
710D2384F3,710D2384F3,Unclassified FG,Kg,1,1,FIFO,1,1,0,1,0,0,,Calco Final FG QC
720C0031A,720C0031A,Unclassified FG,Kg,1,1,FIFO,1,1,0,1,0,0,,Calco Final FG QC
710D2385F3,710D2385F3,Unclassified FG,Kg,1,1,FIFO,1,1,0,1,0,0,,Calco Final FG QC
710D4004F2,710D4004F2,Unclassified FG,Kg,1,1,FIFO,1,1,0,1,0,0,,Calco Final FG QC
730D3381F1,730D3381F1,Unclassified FG,Kg,1,1,FIFO,1,1,0,1,0,0,,Calco Final FG QC
720D6001UV,720D6001UV,Unclassified FG,Kg,1,1,FIFO,1,1,0,1,0,0,,Calco Final FG QC
730C0035,730C0035,Unclassified FG,Kg,1,1,FIFO,1,1,0,1,0,0,,Calco Final FG QC
730D2001F1,730D2001F1,Unclassified FG,Kg,1,1,FIFO,1,1,0,1,0,0,,Calco Final FG QC
710C3003HS,710C3003HS,Unclassified FG,Kg,1,1,FIFO,1,1,0,1,0,0,,Calco Final FG QC
500C0082FA,500C0082FA,Unclassified FG,Kg,1,1,FIFO,1,1,0,1,0,0,,Calco Final FG QC
720D0001IMF4,720D0001IMF4,Unclassified FG,Kg,1,1,FIFO,1,1,0,1,0,0,,Calco Final FG QC
730D1031F,730D1031F,Unclassified FG,Kg,1,1,FIFO,1,1,0,1,0,0,,Calco Final FG QC
710D5391,710D5391,Unclassified FG,Kg,1,1,FIFO,1,1,0,1,0,0,,Calco Final FG QC
710D0001F,710D0001F,Unclassified FG,Kg,1,1,FIFO,1,1,0,1,0,0,,Calco Final FG QC
711D0093,711D0093,Unclassified FG,Kg,1,1,FIFO,1,1,0,1,0,0,,Calco Final FG QC
710D0093,710D0093,Unclassified FG,Kg,1,1,FIFO,1,1,0,1,0,0,,Calco Final FG QC
712D3031-4,712D3031-4,Unclassified FG,Kg,1,1,FIFO,1,1,0,1,0,0,,Calco Final FG QC
710C0032A,710C0032A,Unclassified FG,Kg,1,1,FIFO,1,1,0,1,0,0,,Calco Final FG QC
710D4391F4,710D4391F4,Unclassified FG,Kg,1,1,FIFO,1,1,0,1,0,0,,Calco Final FG QC
720D4031F4,720D4031F4,Unclassified FG,Kg,1,1,FIFO,1,1,0,1,0,0,,Calco Final FG QC
720D3082UV,720D3082UV,Unclassified FG,Kg,1,1,FIFO,1,1,0,1,0,0,,Calco Final FG QC
710C3037,710C3037,Unclassified FG,Kg,1,1,FIFO,1,1,0,1,0,0,,Calco Final FG QC
741C3001F,741C3001F,Unclassified FG,Kg,1,1,FIFO,1,1,0,1,0,0,,Calco Final FG QC
720D0031IMF4,720D0031IMF4,Unclassified FG,Kg,1,1,FIFO,1,1,0,1,0,0,,Calco Final FG QC
730C1032,730C1032,Unclassified FG,Kg,1,1,FIFO,1,1,0,1,0,0,,Calco Final FG QC
510C1131,510C1131,Unclassified FG,Kg,1,1,FIFO,1,1,0,1,0,0,,Calco Final FG QC
710D6081,710D6081,Unclassified FG,Kg,1,1,FIFO,1,1,0,1,0,0,,Calco Final FG QC
712D2081F3-4,712D2081F3-4,Unclassified FG,Kg,1,1,FIFO,1,1,0,1,0,0,,Calco Final FG QC
722D2083F2-4,722D2083F2-4,Unclassified FG,Kg,1,1,FIFO,1,1,0,1,0,0,,Calco Final FG QC
710D4391F5,710D4391F5,Unclassified FG,Kg,1,1,FIFO,1,1,0,1,0,0,,Calco Final FG QC
730D2091F,730D2091F,Unclassified FG,Kg,1,1,FIFO,1,1,0,1,0,0,,Calco Final FG QC
710D4392F5,710D4392F5,Unclassified FG,Kg,1,1,FIFO,1,1,0,1,0,0,,Calco Final FG QC
710C0001E2,710C0001E2,Unclassified FG,Kg,1,1,FIFO,1,1,0,1,0,0,,Calco Final FG QC
710C0031F4,710C0031F4,Unclassified FG,Kg,1,1,FIFO,1,1,0,1,0,0,,Calco Final FG QC
710D5001F,710D5001F,Unclassified FG,Kg,1,1,FIFO,1,1,0,1,0,0,,Calco Final FG QC
750C0092,750C0092,Unclassified FG,Kg,1,1,FIFO,1,1,0,1,0,0,,Calco Final FG QC
710C3101,710C3101,Unclassified FG,Kg,1,1,FIFO,1,1,0,1,0,0,,Calco Final FG QC
760C0092,760C0092,Unclassified FG,Kg,1,1,FIFO,1,1,0,1,0,0,,Calco Final FG QC
710C1001MT,710C1001MT,Unclassified FG,Kg,1,1,FIFO,1,1,0,1,0,0,,Calco Final FG QC
910D2032,910D2032,Unclassified FG,Kg,1,1,FIFO,1,1,0,1,0,0,,Calco Final FG QC
710C0031K,710C0031K,Unclassified FG,Kg,1,1,FIFO,1,1,0,1,0,0,,Calco Final FG QC
760D0031HF,760D0031HF,Unclassified FG,Kg,1,1,FIFO,1,1,0,1,0,0,,Calco Final FG QC
710D3038,710D3038,Unclassified FG,Kg,1,1,FIFO,1,1,0,1,0,0,,Calco Final FG QC
730D2091,730D2091,Unclassified FG,Kg,1,1,FIFO,1,1,0,1,0,0,,Calco Final FG QC
740D3002HF,740D3002HF,Unclassified FG,Kg,1,1,FIFO,1,1,0,1,0,0,,Calco Final FG QC
510D0082UV,510D0082UV,Unclassified FG,Kg,1,1,FIFO,1,1,0,1,0,0,,Calco Final FG QC
710D3001F4,710D3001F4,Unclassified FG,Kg,1,1,FIFO,1,1,0,1,0,0,,Calco Final FG QC
710C0002ST,710C0002ST,Unclassified FG,Kg,1,1,FIFO,1,1,0,1,0,0,,Calco Final FG QC
710C0031W,710C0031W,Unclassified FG,Kg,1,1,FIFO,1,1,0,1,0,0,,Calco Final FG QC
900C0033,900C0033,Unclassified FG,Kg,1,1,FIFO,1,1,0,1,0,0,,Calco Final FG QC
750C1091F,750C1091F,Unclassified FG,Kg,1,1,FIFO,1,1,0,1,0,0,,Calco Final FG QC
720C4031HS,720C4031HS,Unclassified FG,Kg,1,1,FIFO,1,1,0,1,0,0,,Calco Final FG QC
510C2192,510C2192,Unclassified FG,Kg,1,1,FIFO,1,1,0,1,0,0,,Calco Final FG QC
751C1091F,751C1091F,Unclassified FG,Kg,1,1,FIFO,1,1,0,1,0,0,,Calco Final FG QC
