name,item,item_name,company,quantity,uom,is_active,is_default,allow_alternative_item,set_rate_of_sub_assembly_item_based_on_bom,rm_cost_as_per,with_operations,fg_based_operating_cost,project
BOM-500C0031F-R1,500C0031F,HiLENE‚ĄĘ Unfilled FR PP Natural,Calco PolyTechnik Pvt Ltd,100,Kg,1,1,0,0,Valuation Rate,0,0,
BOM-500C0091-R0,500C0091,HiLENE‚ĄĘ Unfilled PP White,Calco PolyTechnik Pvt Ltd,100,Kg,1,1,0,0,Valuation Rate,0,0,
BOM-500C0091F-R1,500C0091F,HiLENE‚ĄĘ Unfilled PP FR White,Calco PolyTechnik Pvt Ltd,100,Kg,1,1,0,0,Valuation Rate,0,0,
BOM-500C1001HS-R0,500C1001HS,HiLENE‚ĄĘ 15% GF Chemically Coupled Heat Stabilized PP Black,Calco PolyTechnik Pvt Ltd,100,Kg,1,1,0,0,Valuation Rate,0,0,
BOM-500C1032-R0,500C1032,HiLENE‚ĄĘ 10% GF PP Natural,Calco PolyTechnik Pvt Ltd,100,Kg,1,1,0,0,Valuation Rate,0,0,
BOM-500C1131-R1,500C1131,HiLENE‚ĄĘ 10% TF PP Natural,Calco PolyTechnik Pvt Ltd,100,Kg,1,1,0,0,Valuation Rate,0,0,
BOM-500C1201-R2,500C1201,HiLENE‚ĄĘ 10% TF PP Black,Calco PolyTechnik Pvt Ltd,100,Kg,1,1,0,0,Valuation Rate,0,0,
BOM-500C1231-R2,500C1231,HiLENE‚ĄĘ 10% TF PP Natural,Calco PolyTechnik Pvt Ltd,100,Kg,1,1,0,0,Valuation Rate,0,0,
BOM-500C2001UVS-R0,500C2001UVS,HiLENE‚ĄĘ 20% GF PP UVS Black,Calco PolyTechnik Pvt Ltd,100,Kg,1,1,0,0,Valuation Rate,0,0,
BOM-500C2011-R1,500C2011,HiLENE‚ĄĘ 20% GF PP Beige,Calco PolyTechnik Pvt Ltd,100,Kg,1,1,0,0,Valuation Rate,0,0,
BOM-500C2031-R1,500C2031,HiLENE‚ĄĘ 20 % GF PP Natural,Calco PolyTechnik Pvt Ltd,100,Kg,1,1,0,0,Valuation Rate,0,0,
BOM-500C2031A-R0,500C2031A,HiLENE‚ĄĘ 20% GF PP Natural,Calco PolyTechnik Pvt Ltd,100,Kg,1,1,0,0,Valuation Rate,0,0,
BOM-500C2132-R1,500C2132,HiLENE‚ĄĘ 20% TF PP Natural,Calco PolyTechnik Pvt Ltd,100,Kg,1,1,0,0,Valuation Rate,0,0,
BOM-500C2192-R1,500C2192,HiLENE‚ĄĘ 20% TF PP White,Calco PolyTechnik Pvt Ltd,100,Kg,1,1,0,0,Valuation Rate,0,0,
BOM-500C2192A-R1,500C2192A,HiLENE‚ĄĘ 20% TF PP White,Calco PolyTechnik Pvt Ltd,100,Kg,1,1,0,0,Valuation Rate,0,0,
BOM-500C2221-R2,500C2221,HiLENE‚ĄĘ MF PP Red,Calco PolyTechnik Pvt Ltd,100,Kg,1,1,0,0,Valuation Rate,0,0,
BOM-500C2261-R3,500C2261,HiLENE‚ĄĘ 20% MF PP Sky Blue,Calco PolyTechnik Pvt Ltd,100,Kg,1,1,0,0,Valuation Rate,0,0,
BOM-500C2262-R2,500C2262,HiLENE‚ĄĘ MF PP Blue,Calco PolyTechnik Pvt Ltd,100,Kg,1,1,0,0,Valuation Rate,0,0,
BOM-500C2281-R2,500C2281,HiLENE‚ĄĘ MF PP Grey Compound,Calco PolyTechnik Pvt Ltd,100,Kg,1,1,0,0,Valuation Rate,0,0,
BOM-500C2291-R2,500C2291,HiLENE‚ĄĘ 20% MF PP White,Calco PolyTechnik Pvt Ltd,100,Kg,1,1,0,0,Valuation Rate,0,0,
BOM-500C2293-R2,500C2293,HiLENE‚ĄĘ 20 % MF PP IFB White,Calco PolyTechnik Pvt Ltd,100,Kg,1,1,0,0,Valuation Rate,0,0,
BOM-500C2295-R2,500C2295,HiLENE‚ĄĘ 25 % MF PP Opel White,Calco PolyTechnik Pvt Ltd,100,Kg,1,1,0,0,Valuation Rate,0,0,
BOM-500C3001-R1,500C3001,HiLENE‚ĄĘ 30% GF PP Black,Calco PolyTechnik Pvt Ltd,100,Kg,1,1,0,0,Valuation Rate,0,0,
BOM-500C3011-R1,500C3011,30% GF PP RAL 1014 Ivory,Calco PolyTechnik Pvt Ltd,100,Kg,1,1,0,0,Valuation Rate,0,0,
BOM-500C3032-R1,500C3032,HiLENE‚ĄĘ 30% GF PP Natural,Calco PolyTechnik Pvt Ltd,100,Kg,1,1,0,0,Valuation Rate,0,0,
BOM-500C3091UV-R0,500C3091UV,HiLENE‚ĄĘ 30% GF PP UV Stabilized RAL9003 White,Calco PolyTechnik Pvt Ltd,100,Kg,1,1,0,0,Valuation Rate,0,0,
BOM-500C3101-R3,500C3101,HiLENE‚ĄĘ 30% TF PP Black,Calco PolyTechnik Pvt Ltd,100,Kg,1,1,0,0,Valuation Rate,0,0,
BOM-500C3101F-R0,500C3101F,30% MF PP FR Black,Calco PolyTechnik Pvt Ltd,100,Kg,1,1,0,0,Valuation Rate,0,0,
BOM-500C3131F-R1,500C3131F,HiLENE‚ĄĘ 30% MF FR PP Natural,Calco PolyTechnik Pvt Ltd,100,Kg,1,1,0,0,Valuation Rate,0,0,
BOM-500C3181F1-R1,500C3181F1,HiLENE‚ĄĘ 30% MF FR PP Grey,Calco PolyTechnik Pvt Ltd,100,Kg,1,1,0,0,Valuation Rate,0,0,
BOM-500C3301-R2,500C3301,HiLENE‚ĄĘ 15% TF + 15% GF PP Black,Calco PolyTechnik Pvt Ltd,100,Kg,1,1,0,0,Valuation Rate,0,0,
BOM-500C4031-R1,500C4031,HiLENE‚ĄĘ 40% GF PP Natural,Calco PolyTechnik Pvt Ltd,100,Kg,1,1,0,0,Valuation Rate,0,0,
BOM-500C4031HS-R1,500C4031HS,HiLENE‚ĄĘ 40% GF PP Heat Stabilized Natural,Calco PolyTechnik Pvt Ltd,100,Kg,1,1,0,0,Valuation Rate,0,0,
BOM-501C3283-R2,501C3283,HiLENE‚ĄĘ 25 % TF PP Dark Grey,Calco PolyTechnik Pvt Ltd,100,Kg,1,1,0,0,Valuation Rate,0,0,
BOM-510C0031F-R1,510C0031F,HiLENE‚ĄĘ UF FR PP Natural,Calco PolyTechnik Pvt Ltd,100,Kg,1,1,0,0,Valuation Rate,0,0,
BOM-510C1101IM-R1,510C1101IM,HiLENE‚ĄĘ 10% TF IM PP Ebony Black,Calco PolyTechnik Pvt Ltd,100,Kg,1,1,0,0,Valuation Rate,0,0,
BOM-510C1131-R0,510C1131,510C1131,Calco PolyTechnik Pvt Ltd,100,Kg,1,1,0,0,Valuation Rate,0,0,
BOM-510C1191-R2,510C1191,HiLENE‚ĄĘ 10 % TF PP Opel White,Calco PolyTechnik Pvt Ltd,100,Kg,1,1,0,0,Valuation Rate,0,0,
BOM-510C1193-R0,510C1193,HiLENE‚ĄĘ 15% TF PP White (Orient),Calco PolyTechnik Pvt Ltd,100,Kg,1,1,0,0,Valuation Rate,0,0,
BOM-510C1291IM-R2,510C1291IM,HiLENE‚ĄĘ 15% MF IM PP White,Calco PolyTechnik Pvt Ltd,100,Kg,1,1,0,0,Valuation Rate,0,0,
BOM-510C2001-R0,510C2001,HiLENE‚ĄĘ 20% GF PP Black,Calco PolyTechnik Pvt Ltd,100,Kg,1,1,0,0,Valuation Rate,0,0,
BOM-510C2031-R1,510C2031,20% GF PP Natural,Calco PolyTechnik Pvt Ltd,100,Kg,1,1,0,0,Valuation Rate,0,0,
BOM-510C2032-R1,510C2032,HiLENE‚ĄĘ 25% GF PP Natural,Calco PolyTechnik Pvt Ltd,100,Kg,1,1,0,0,Valuation Rate,0,0,
BOM-510C2091-R0,510C2091,HiLENE‚ĄĘ 20% GF PP White,Calco PolyTechnik Pvt Ltd,100,Kg,1,1,0,0,Valuation Rate,0,0,
BOM-510C2101-R2,510C2101,HiLENE‚ĄĘ 20% TF PP Black,Calco PolyTechnik Pvt Ltd,100,Kg,1,1,0,0,Valuation Rate,0,0,
BOM-510C2101A-R0,510C2101A,21% TF PP BLACK,Calco PolyTechnik Pvt Ltd,100,Kg,1,1,0,0,Valuation Rate,0,0,
BOM-510C2102-R3,510C2102,HiLENE‚ĄĘ PP 20%TF Black,Calco PolyTechnik Pvt Ltd,100,Kg,1,1,0,0,Valuation Rate,0,0,
BOM-510C2131-R1,510C2131,HiLENE‚ĄĘ 20% TF PP Natural,Calco PolyTechnik Pvt Ltd,100,Kg,1,1,0,0,Valuation Rate,0,0,
BOM-510C2191-R1,510C2191,HiLENE‚ĄĘ 20% TF PP White,Calco PolyTechnik Pvt Ltd,100,Kg,1,1,0,0,Valuation Rate,0,0,
BOM-510C2293-R2,510C2293,HiLENE‚ĄĘ 20% MF PP White,Calco PolyTechnik Pvt Ltd,100,Kg,1,1,0,0,Valuation Rate,0,0,
BOM-510C3101HS-R0,510C3101HS,"HiLENE‚ĄĘ 30% TF PP Black, Heat Stabilized",Calco PolyTechnik Pvt Ltd,100,Kg,1,1,0,0,Valuation Rate,0,0,
BOM-510C3191-R1,510C3191,HiLENE‚ĄĘ 30% TF PP White,Calco PolyTechnik Pvt Ltd,100,Kg,1,1,0,0,Valuation Rate,0,0,
BOM-510C3282-R2,510C3282,HiLENE‚ĄĘ Light Grey,Calco PolyTechnik Pvt Ltd,100,Kg,1,1,0,0,Valuation Rate,0,0,
BOM-510C3283-R2,510C3283,HiLENE‚ĄĘ Dark Grey,Calco PolyTechnik Pvt Ltd,100,Kg,1,1,0,0,Valuation Rate,0,0,
BOM-510C3284-R2,510C3284,HiLENE‚ĄĘ 30 % TF PP Grey,Calco PolyTechnik Pvt Ltd,100,Kg,1,1,0,0,Valuation Rate,0,0,
BOM-510C3293E-R3,510C3293E,HiLENE‚ĄĘ Milky White PP Compound,Calco PolyTechnik Pvt Ltd,100,Kg,1,1,0,0,Valuation Rate,0,0,
BOM-510C3299-R2,510C3299,HiLENE‚ĄĘ 30 % MF PP White,Calco PolyTechnik Pvt Ltd,100,Kg,1,1,0,0,Valuation Rate,0,0,
BOM-510C3381-R1,510C3381,20%+ GF+10% MF PP UVS RAL 7035 Grey,Calco PolyTechnik Pvt Ltd,100,Kg,0,0,0,0,Valuation Rate,0,0,
BOM-510C3381-R2,510C3381,20%+ GF+10% MF PP UVS RAL 7035 Grey,Calco PolyTechnik Pvt Ltd,100,Kg,1,1,0,0,Valuation Rate,0,0,
BOM-510C4191-R2,510C4191,HiLENE‚ĄĘ 40% TF PP Milky White,Calco PolyTechnik Pvt Ltd,100,Kg,1,1,0,0,Valuation Rate,0,0,
BOM-510C4301-R2,510C4301,HiLENE‚ĄĘ 25 % GF + 15% Mica Filled Black,Calco PolyTechnik Pvt Ltd,100,Kg,1,1,0,0,Valuation Rate,0,0,
BOM-510D0082F1UV-R0,510D0082F1UV,CiLON‚ĄĘ 15% GF PA6 Black,Calco PolyTechnik Pvt Ltd,100,Kg,1,1,0,0,Valuation Rate,0,0,
BOM-510D2294-R1,510D2294,HiLENE‚ĄĘ 20% MF PP White,Calco PolyTechnik Pvt Ltd,100,Kg,1,1,0,0,Valuation Rate,0,0,
BOM-510D2295-R1,510D2295,HiLENE‚ĄĘ 20% MF PP White,Calco PolyTechnik Pvt Ltd,100,Kg,1,1,0,0,Valuation Rate,0,0,
BOM-510D4031F1-R0,510D4031F1,510D4031F1,Calco PolyTechnik Pvt Ltd,100,Kg,1,1,0,0,Valuation Rate,0,0,
BOM-520C1001F-R1,520C1001F,HiLENE‚ĄĘ 10% GF Halogen Free FR PPE Black,Calco PolyTechnik Pvt Ltd,100,Kg,1,1,0,0,Valuation Rate,0,0,
BOM-620D2031-R0,620D2031,CiLON‚ĄĘ 30% GF FR PA6 Grey,Calco PolyTechnik Pvt Ltd,100,Kg,1,1,0,0,Valuation Rate,0,0,
BOM-710C0001-R2,710C0001,CiLON‚ĄĘ Unfilled PA 6 Black,Calco PolyTechnik Pvt Ltd,100,Kg,1,1,0,0,Valuation Rate,0,0,
BOM-710C0001E2-R0,710C0001E2,710C0001E2,Calco PolyTechnik Pvt Ltd,100,Kg,1,1,0,0,Valuation Rate,0,0,
BOM-710C0001F-R1,710C0001F,CiLON‚ĄĘ UF FR PA6 Black,Calco PolyTechnik Pvt Ltd,100,Kg,1,1,0,0,Valuation Rate,0,0,
BOM-710C0001HS-R1,710C0001HS,CiLON‚ĄĘ Unfilled PA6 Heat Stabilized Black,Calco PolyTechnik Pvt Ltd,100,Kg,1,1,0,0,Valuation Rate,0,0,
BOM-710C0001HTF-R0,710C0001HTF,CiLON‚ĄĘ UF FR PA6 Black,Calco PolyTechnik Pvt Ltd,100,Kg,1,1,0,0,Valuation Rate,0,0,
BOM-710C0001UVS-R1,710C0001UVS,CiLON‚ĄĘ UF PA6 UV Stabilized Black,Calco PolyTechnik Pvt Ltd,100,Kg,1,1,0,0,Valuation Rate,0,0,
BOM-710C0002-R2,710C0002,CiLON‚ĄĘ UF PA6 Black,Calco PolyTechnik Pvt Ltd,100,Kg,1,1,0,0,Valuation Rate,0,0,
BOM-710C0002F-R1,710C0002F,CiLON‚ĄĘ Unfilled FR Black PA6,Calco PolyTechnik Pvt Ltd,100,Kg,1,1,0,0,Valuation Rate,0,0,
BOM-710C0002ST-R0,710C0002ST,710C0002ST,Calco PolyTechnik Pvt Ltd,100,Kg,1,1,0,0,Valuation Rate,0,0,
BOM-710C0003-R1,710C0003,CiLON‚ĄĘ IM UF PA6 Black,Calco PolyTechnik Pvt Ltd,100,Kg,1,1,0,0,Valuation Rate,0,0,
BOM-710C0003F-R1,710C0003F,CiLON‚ĄĘ Unfilled FR PA6 Black,Calco PolyTechnik Pvt Ltd,100,Kg,1,1,0,0,Valuation Rate,0,0,
BOM-710C0022-R1,710C0022,CiLON‚ĄĘ UF PA6 Red,Calco PolyTechnik Pvt Ltd,100,Kg,1,1,0,0,Valuation Rate,0,0,
BOM-710C0022A-R1,710C0022A,CiLON‚ĄĘ UF PA6 RED,Calco PolyTechnik Pvt Ltd,100,Kg,1,1,0,0,Valuation Rate,0,0,
BOM-710C0031-R2,710C0031,CiLON‚ĄĘ Unfilled PA 6 Natural,Calco PolyTechnik Pvt Ltd,100,Kg,1,1,0,0,Valuation Rate,0,0,
BOM-710C0031A-R1,710C0031A,CiLON‚ĄĘUF PA6 Natural,Calco PolyTechnik Pvt Ltd,100,Kg,1,1,0,0,Valuation Rate,0,0,
BOM-710C0031F-R1,710C0031F,"CiLON‚ĄĘ Unfilled FR PA 6 Natural, Halogen & Phosphorus Free",Calco PolyTechnik Pvt Ltd,100,Kg,1,1,0,0,Valuation Rate,0,0,
BOM-710C0031HS-R0,710C0031HS,"CiLON‚ĄĘ UF PA6 Natural, Heat Stabilized",Calco PolyTechnik Pvt Ltd,100,Kg,1,1,0,0,Valuation Rate,0,0,
BOM-710C0031ST-R1,710C0031ST,CiLON‚ĄĘ UF PA6 Super Tough Natural,Calco PolyTechnik Pvt Ltd,100,Kg,1,1,0,0,Valuation Rate,0,0,
BOM-710C0031W-R0,710C0031W,710C0031W,Calco PolyTechnik Pvt Ltd,100,Kg,1,1,0,0,Valuation Rate,0,0,
BOM-710C0032-R1,710C0032,CiLON‚ĄĘ PA6 UNFILLED NATURAL,Calco PolyTechnik Pvt Ltd,100,Kg,1,1,0,0,Valuation Rate,0,0,
BOM-710C0032A-R0,710C0032A,710C0032A,Calco PolyTechnik Pvt Ltd,100,Kg,1,1,0,0,Valuation Rate,0,0,
BOM-710C0032F-R0,710C0032F,CiLON‚ĄĘ UF PA6 Halogen Free FR Natural,Calco PolyTechnik Pvt Ltd,100,Kg,1,1,0,0,Valuation Rate,0,0,
BOM-710C0033-R1,710C0033,CiLON‚ĄĘ PA6 Unfilled Natural RV3,Calco PolyTechnik Pvt Ltd,100,Kg,1,1,0,0,Valuation Rate,0,0,
BOM-710C0034-R1,710C0034,CiLON‚ĄĘ UF PA6 Natural,Calco PolyTechnik Pvt Ltd,100,Kg,1,1,0,0,Valuation Rate,0,0,
BOM-710C0062-R1,710C0062,CiLON‚ĄĘ UF PA6 Blue,Calco PolyTechnik Pvt Ltd,100,Kg,1,1,0,0,Valuation Rate,0,0,
BOM-710C0064-R1,710C0064,CiLON‚ĄĘ UF PA6 UV Stabilized Blue,Calco PolyTechnik Pvt Ltd,100,Kg,1,1,0,0,Valuation Rate,0,0,
BOM-710C0082-R1,710C0082,CiLON‚ĄĘ UF PA6 Dark Grey,Calco PolyTechnik Pvt Ltd,100,Kg,1,1,0,0,Valuation Rate,0,0,
BOM-710C0083-R2,710C0083,CiLON‚ĄĘ Unfilled PA 6 Grey,Calco PolyTechnik Pvt Ltd,100,Kg,1,1,0,0,Valuation Rate,0,0,
BOM-710C1001-R1,710C1001,CiLON‚ĄĘ 15 % GF PA6 Black,Calco PolyTechnik Pvt Ltd,100,Kg,1,1,0,0,Valuation Rate,0,0,
BOM-710C1001F-R1,710C1001F,CiLON‚ĄĘ 5% GF FR PA6 Black,Calco PolyTechnik Pvt Ltd,100,Kg,1,1,0,0,Valuation Rate,0,0,
BOM-710C1001J-R1,710C1001J,CiLON‚ĄĘ 15% GF PA6 Jet Black,Calco PolyTechnik Pvt Ltd,100,Kg,1,1,0,0,Valuation Rate,0,0,
BOM-710C1001MT-R0,710C1001MT,710C1001MT,Calco PolyTechnik Pvt Ltd,100,Kg,1,1,0,0,Valuation Rate,0,0,
BOM-710C1011-R2,710C1011,CiLON‚ĄĘ 15% GF PA6 Brown,Calco PolyTechnik Pvt Ltd,100,Kg,1,1,0,0,Valuation Rate,0,0,
BOM-710C1012-R1,710C1012,CiLON‚ĄĘ 15% GF PA6 RAL 9010 Ivory,Calco PolyTechnik Pvt Ltd,100,Kg,1,1,0,0,Valuation Rate,0,0,
BOM-710C1021-R1,710C1021,CiLON‚ĄĘ 15% GF PA6 Red,Calco PolyTechnik Pvt Ltd,100,Kg,1,1,0,0,Valuation Rate,0,0,
BOM-710C1031-R2,710C1031,CiLON‚ĄĘ 15 % GF PA 6 Natural,Calco PolyTechnik Pvt Ltd,100,Kg,1,1,0,0,Valuation Rate,0,0,
BOM-710C1031EDS-R1,710C1031EDS,CiLON‚ĄĘ 15% GF PA6 EDS Natural,Calco PolyTechnik Pvt Ltd,100,Kg,1,1,0,0,Valuation Rate,0,0,
BOM-710C1031IMV-R1,710C1031IMV,CiLON‚ĄĘ 15% GF Impact Modified UVS Natural,Calco PolyTechnik Pvt Ltd,100,Kg,1,1,0,0,Valuation Rate,0,0,
BOM-710C1041-R2,710C1041,CiLON‚ĄĘ 15 % GF PA6 Yellow,Calco PolyTechnik Pvt Ltd,100,Kg,1,1,0,0,Valuation Rate,0,0,
BOM-710C1042-R0,710C1042,CiLON‚ĄĘ 15% GF PA6 Yellow,Calco PolyTechnik Pvt Ltd,100,Kg,1,1,0,0,Valuation Rate,0,0,
BOM-710C1061-R1,710C1061,CiLON‚ĄĘ 15 % GF PA6 Blue,Calco PolyTechnik Pvt Ltd,100,Kg,1,1,0,0,Valuation Rate,0,0,
BOM-710C1081-R1,710C1081,CiLON‚ĄĘ 15 % GF PA6 Asian Grey,Calco PolyTechnik Pvt Ltd,100,Kg,1,1,0,0,Valuation Rate,0,0,
BOM-710C1083-R1,710C1083,CiLON‚ĄĘ 10% GF PA6 Grey,Calco PolyTechnik Pvt Ltd,100,Kg,1,1,0,0,Valuation Rate,0,0,
BOM-710C1531-R1,710C1531,CiLON‚ĄĘ N6 PTFE Filled Natural,Calco PolyTechnik Pvt Ltd,100,Kg,1,1,0,0,Valuation Rate,0,0,
BOM-710C2001-R3,710C2001,CiLON‚ĄĘ 20% GF PA6 Black,Calco PolyTechnik Pvt Ltd,100,Kg,1,1,0,0,Valuation Rate,0,0,
BOM-710C2001F-R2,710C2001F,CiLON‚ĄĘ 20% GF FR PA 6 Black,Calco PolyTechnik Pvt Ltd,100,Kg,1,1,0,0,Valuation Rate,0,0,
BOM-710C2001HS-R0,710C2001HS,CiLON‚ĄĘ 20% GF PA6 Heat Stabilized Black,Calco PolyTechnik Pvt Ltd,100,Kg,1,1,0,0,Valuation Rate,0,0,
BOM-710C2003F-R1,710C2003F,CiLON‚ĄĘ 20% GF FR PA6 BLACK,Calco PolyTechnik Pvt Ltd,100,Kg,1,1,0,0,Valuation Rate,0,0,
BOM-710C2003FA-R1,710C2003FA,CiLON‚ĄĘ 20% GF FR PA6 Black,Calco PolyTechnik Pvt Ltd,100,Kg,1,1,0,0,Valuation Rate,0,0,
BOM-710C2004-R1,710C2004,CiLON‚ĄĘ 25% GF PA6 Black,Calco PolyTechnik Pvt Ltd,100,Kg,1,1,0,0,Valuation Rate,0,0,
BOM-710C2031F-R1,710C2031F,CiLON‚ĄĘ 20% GF FR PA6 Natural,Calco PolyTechnik Pvt Ltd,100,Kg,1,1,0,0,Valuation Rate,0,0,
BOM-710C2031HFHS-R1,710C2031HFHS,"CiLON‚ĄĘ 20% GF PA6 High Flow, Heat Stabilized Natural",Calco PolyTechnik Pvt Ltd,100,Kg,1,1,0,0,Valuation Rate,0,0,
BOM-710C2032F-R1,710C2032F,CiLON‚ĄĘ 20% GF FR PA6 NATURAL,Calco PolyTechnik Pvt Ltd,100,Kg,1,1,0,0,Valuation Rate,0,0,
BOM-710C2032H-R1,710C2032H,CiLON‚ĄĘ 20% GF PA6 Natural,Calco PolyTechnik Pvt Ltd,100,Kg,1,1,0,0,Valuation Rate,0,0,
BOM-710C2051-R1,710C2051,CiLON‚ĄĘ 25% GF PA6 Green,Calco PolyTechnik Pvt Ltd,100,Kg,1,1,0,0,Valuation Rate,0,0,
BOM-710C2081F1-R1,710C2081F1,CiLON‚ĄĘ 20% GF FR PA6 Grey,Calco PolyTechnik Pvt Ltd,100,Kg,1,1,0,0,Valuation Rate,0,0,
BOM-710C2082F1-R1,710C2082F1,CiLON‚ĄĘ 20% GF PA6 HF FR RAL7035 Grey,Calco PolyTechnik Pvt Ltd,100,Kg,1,1,0,0,Valuation Rate,0,0,
BOM-710C2082F2-R1,710C2082F2,CiLON‚ĄĘ 20% GF PA6 HF FR RAL7016 Grey,Calco PolyTechnik Pvt Ltd,100,Kg,1,1,0,0,Valuation Rate,0,0,
BOM-710C2091MF-R0,710C2091MF,CiLON‚ĄĘ 20% GF FR PA6 RAL 7047 White,Calco PolyTechnik Pvt Ltd,100,Kg,1,1,0,0,Valuation Rate,0,0,
BOM-710C2092F1-R2,710C2092F1,CiLON‚ĄĘ 20% GF PA6 HF FR White,Calco PolyTechnik Pvt Ltd,100,Kg,1,1,0,0,Valuation Rate,0,0,
BOM-710C2092MF-R0,710C2092MF,CiLON‚ĄĘ 20% GF FR PA6 RAL 9003 White,Calco PolyTechnik Pvt Ltd,100,Kg,1,1,0,0,Valuation Rate,0,0,
BOM-710C2282F-R1,710C2282F,CiLON‚ĄĘ 25% MF FR PA6 Grey,Calco PolyTechnik Pvt Ltd,100,Kg,1,1,0,0,Valuation Rate,0,0,
BOM-710C2283F4-R3,710C2283F4,CiLON‚ĄĘ 20% MF FR PA6 Grey,Calco PolyTechnik Pvt Ltd,100,Kg,1,1,0,0,Valuation Rate,0,0,
BOM-710C2311F-R1,710C2311F,CiLON‚ĄĘ 20%MF + 5% GF FR PA6 RAL8016 Brown,Calco PolyTechnik Pvt Ltd,100,Kg,1,1,0,0,Valuation Rate,0,0,
BOM-710C2381F-R1,710C2381F,CiLON‚ĄĘ 20%MF+5%GF FR PA6 Grey,Calco PolyTechnik Pvt Ltd,100,Kg,1,1,0,0,Valuation Rate,0,0,
BOM-710C2382F3-R1,710C2382F3,CiLON‚ĄĘ 20% MF FR PA6 Grey,Calco PolyTechnik Pvt Ltd,100,Kg,1,1,0,0,Valuation Rate,0,0,
BOM-710C2383F-R1,710C2383F,CiLON‚ĄĘ 25% MF FR PA6 Grey,Calco PolyTechnik Pvt Ltd,100,Kg,1,1,0,0,Valuation Rate,0,0,
BOM-710C2383F10-R2,710C2383F10,CiLON‚ĄĘ 15% MF + 10% GF FR PA6 MCB RAL7035 Grey,Calco PolyTechnik Pvt Ltd,100,Kg,1,1,0,0,Valuation Rate,0,0,
BOM-710C2383F2-R3,710C2383F2,CiLON‚ĄĘ 20% MF + 5% GF FR PA6 Grey,Calco PolyTechnik Pvt Ltd,100,Kg,1,1,0,0,Valuation Rate,0,0,
BOM-710C2383F4-R2,710C2383F4,CiLON‚ĄĘ 20% MF + 5% GF FR PA6 MCB RAL7035 Grey,Calco PolyTechnik Pvt Ltd,100,Kg,1,1,0,0,Valuation Rate,0,0,
BOM-710C2383F6-R0,710C2383F6,CiLON‚ĄĘ 20% MF + 5% GF FR PA6 Goldmedal Grey,Calco PolyTechnik Pvt Ltd,100,Kg,1,1,0,0,Valuation Rate,0,0,
BOM-710C2383F9-R1,710C2383F9,CiLON‚ĄĘ 20% MF + 5% GF FR PA6 Grey,Calco PolyTechnik Pvt Ltd,100,Kg,1,1,0,0,Valuation Rate,0,0,
BOM-710C2395F-R2,710C2395F,CiLON‚ĄĘ 20% MF + 5%GF FR PA6 White,Calco PolyTechnik Pvt Ltd,100,Kg,1,1,0,0,Valuation Rate,0,0,
BOM-710C2401-R1,710C2401,CiLON‚ĄĘ 20% GB PA6 Black,Calco PolyTechnik Pvt Ltd,100,Kg,1,1,0,0,Valuation Rate,0,0,
BOM-710C3001-R1,710C3001,CiLON‚ĄĘ PA6 30% GF Pre colored Black,Calco PolyTechnik Pvt Ltd,100,Kg,1,1,0,0,Valuation Rate,0,0,
BOM-710C3001B-R0,710C3001B,CiLON‚ĄĘ 30% GF PA6 Black,Calco PolyTechnik Pvt Ltd,100,Kg,1,1,0,0,Valuation Rate,0,0,
BOM-710C3001E-R3,710C3001E,CiLON‚ĄĘ 30% GF PA6 Ebony Black,Calco PolyTechnik Pvt Ltd,100,Kg,1,1,0,0,Valuation Rate,0,0,
BOM-710C3001E2-R3,710C3001E2,CiLON‚ĄĘ 30% GF PA6 Black,Calco PolyTechnik Pvt Ltd,100,Kg,1,1,0,0,Valuation Rate,0,0,
BOM-710C3001F-R3,710C3001F,CiLON‚ĄĘ 30 % GF FR PA 6 Black,Calco PolyTechnik Pvt Ltd,100,Kg,1,1,0,0,Valuation Rate,0,0,
BOM-710C3001HFHS-R1,710C3001HFHS,"CiLON‚ĄĘ 30% GF PA6 High Flow, Heat Stabilized Black",Calco PolyTechnik Pvt Ltd,100,Kg,1,1,0,0,Valuation Rate,0,0,
BOM-710C3001IM-R1,710C3001IM,CiLON‚ĄĘ 30% GF PA6 Impact Modifier Black,Calco PolyTechnik Pvt Ltd,100,Kg,1,1,0,0,Valuation Rate,0,0,
BOM-710C3001IMUV-R0,710C3001IMUV,CiLON‚ĄĘ 30% GF PA6 Impact Modifier UV Stabilized Black,Calco PolyTechnik Pvt Ltd,100,Kg,1,1,0,0,Valuation Rate,0,0,
BOM-710C3001J-R1,710C3001J,CiLON‚ĄĘ 30% GF PA6 Jet Black,Calco PolyTechnik Pvt Ltd,100,Kg,1,1,0,0,Valuation Rate,0,0,
BOM-710C3001N-R3,710C3001N,CiLON‚ĄĘ 30% GF PA6 Black,Calco PolyTechnik Pvt Ltd,100,Kg,1,1,0,0,Valuation Rate,0,0,
BOM-710C3001S-R1,710C3001S,CiLON‚ĄĘ 30% GF PA6 Satin Black,Calco PolyTechnik Pvt Ltd,100,Kg,1,1,0,0,Valuation Rate,0,0,
BOM-710C3001UV-R3,710C3001UV,CiLON‚ĄĘ 30% GF PA6 UV Black,Calco PolyTechnik Pvt Ltd,100,Kg,1,1,0,0,Valuation Rate,0,0,
BOM-710C3001UVS-R3,710C3001UVS,CiLON‚ĄĘ 30% GF PA6 Black UV Stabilized,Calco PolyTechnik Pvt Ltd,100,Kg,1,1,0,0,Valuation Rate,0,0,
BOM-710C3002F-R0,710C3002F,CiLON‚ĄĘ 30% GF Halogenated FR PA6 Black,Calco PolyTechnik Pvt Ltd,100,Kg,1,1,0,0,Valuation Rate,0,0,
BOM-710C3002ST-R0,710C3002ST,CiLON‚ĄĘ 30% GF PA6 Super Tough Black,Calco PolyTechnik Pvt Ltd,100,Kg,1,1,0,0,Valuation Rate,0,0,
BOM-710C3003-R3,710C3003,CiLON‚ĄĘ 35% GF PA6 Black,Calco PolyTechnik Pvt Ltd,100,Kg,1,1,0,0,Valuation Rate,0,0,
BOM-710C3003F-R1,710C3003F,CiLON‚ĄĘ 30% GF FR PA6 Black,Calco PolyTechnik Pvt Ltd,100,Kg,1,1,0,0,Valuation Rate,0,0,
BOM-710C3003HS-R1,710C3003HS,710C3003HS,Calco PolyTechnik Pvt Ltd,100,Kg,1,1,0,0,Valuation Rate,0,0,
BOM-710C3003UV-R1,710C3003UV,CiLON‚ĄĘ 30% GF PA6 UV Stabilized Black,Calco PolyTechnik Pvt Ltd,100,Kg,1,1,0,0,Valuation Rate,0,0,
BOM-710C3013-R1,710C3013,CiLON‚ĄĘ 35% GF PA6 Beige,Calco PolyTechnik Pvt Ltd,100,Kg,1,1,0,0,Valuation Rate,0,0,
BOM-710C3014-R1,710C3014,CiLON‚ĄĘ 30% GF PA6 Brown,Calco PolyTechnik Pvt Ltd,100,Kg,1,1,0,0,Valuation Rate,0,0,
BOM-710C3021A-R1,710C3021A,CiLON‚ĄĘ 30% GF PA6 RAL3005 Red,Calco PolyTechnik Pvt Ltd,100,Kg,1,1,0,0,Valuation Rate,0,0,
BOM-710C3021F-R1,710C3021F,CiLON‚ĄĘ 30% GF FR PA6 RAL3000 Red,Calco PolyTechnik Pvt Ltd,100,Kg,1,1,0,0,Valuation Rate,0,0,
BOM-710C3022A-R1,710C3022A,CiLON‚ĄĘ 30% GF PA6 RED,Calco PolyTechnik Pvt Ltd,100,Kg,1,1,0,0,Valuation Rate,0,0,
BOM-710C3023-R1,710C3023,CiLON‚ĄĘ 30% GF PA6 Red,Calco PolyTechnik Pvt Ltd,100,Kg,1,1,0,0,Valuation Rate,0,0,
BOM-710C3024-R1,710C3024,CiLON‚ĄĘ 30% GF PA6 Red,Calco PolyTechnik Pvt Ltd,100,Kg,1,1,0,0,Valuation Rate,0,0,
BOM-710C3025-R1,710C3025,CiLON‚ĄĘ 30% GF PA6 RAL 3026 Red,Calco PolyTechnik Pvt Ltd,100,Kg,1,1,0,0,Valuation Rate,0,0,
BOM-710C3031-R3,710C3031,CiLON‚ĄĘ 30% GF PA 6 Natural,Calco PolyTechnik Pvt Ltd,100,Kg,1,1,0,0,Valuation Rate,0,0,
BOM-710C3031F-R1,710C3031F,"CiLON‚ĄĘ 30 % GF FR PA 6 Natural, Halogenated",Calco PolyTechnik Pvt Ltd,100,Kg,1,1,0,0,Valuation Rate,0,0,
BOM-710C3031F1-R2,710C3031F1,"CiLON‚ĄĘ 30% GF FR PA6 Natural, Halogen Free",Calco PolyTechnik Pvt Ltd,100,Kg,1,1,0,0,Valuation Rate,0,0,
BOM-710C3031F2-R1,710C3031F2,CiLON‚ĄĘ30% GF FR PA6 Natural,Calco PolyTechnik Pvt Ltd,100,Kg,1,1,0,0,Valuation Rate,0,0,
BOM-710C3031HFHS-R3,710C3031HFHS,"CiLON‚ĄĘ 30% GF PA6 High Flow, Heat Stabilized Natural",Calco PolyTechnik Pvt Ltd,100,Kg,1,1,0,0,Valuation Rate,0,0,
BOM-710C3031HS-R1,710C3031HS,CiLON‚ĄĘ 30% GF PA6 Heat Stabilized Natural,Calco PolyTechnik Pvt Ltd,100,Kg,1,1,0,0,Valuation Rate,0,0,
BOM-710C3031ST-R0,710C3031ST,CiLON‚ĄĘ 30% GF PA6 Super Tough Natural,Calco PolyTechnik Pvt Ltd,100,Kg,1,1,0,0,Valuation Rate,0,0,
BOM-710C3031W-R1,710C3031W,CiLON‚ĄĘ 30% GF PA6 Natural,Calco PolyTechnik Pvt Ltd,100,Kg,1,1,0,0,Valuation Rate,0,0,
BOM-710C3032-R1,710C3032,CiLON‚ĄĘ 35% GF PA6 Natural,Calco PolyTechnik Pvt Ltd,100,Kg,1,1,0,0,Valuation Rate,0,0,
BOM-710C3032HFHS-R2,710C3032HFHS,"CiLON‚ĄĘ 30% GF PA6 High Flow, Heat Stabilized Natural",Calco PolyTechnik Pvt Ltd,100,Kg,1,1,0,0,Valuation Rate,0,0,
BOM-710C3033-R1,710C3033,CiLON‚ĄĘ 30% GF PA6 Natural,Calco PolyTechnik Pvt Ltd,100,Kg,1,1,0,0,Valuation Rate,0,0,
BOM-710C3033F-R1,710C3033F,CiLON‚ĄĘ 30% GF FR PA6 Natural,Calco PolyTechnik Pvt Ltd,100,Kg,1,1,0,0,Valuation Rate,0,0,
BOM-710C3035-R1,710C3035,CiLON‚ĄĘ 30% GF PA6 Pure Natural,Calco PolyTechnik Pvt Ltd,100,Kg,1,1,0,0,Valuation Rate,0,0,
BOM-710C3036-R1,710C3036,CiLON‚ĄĘ30% GF PA6 Natural,Calco PolyTechnik Pvt Ltd,100,Kg,1,1,0,0,Valuation Rate,0,0,
BOM-710C3041-R1,710C3041,CiLON‚ĄĘ 30% GF PA6 Yellow,Calco PolyTechnik Pvt Ltd,100,Kg,1,1,0,0,Valuation Rate,0,0,
BOM-710C3061F-R1,710C3061F,CiLON‚ĄĘ 30% GF FR PA6 Pantone 286C Dark Blue,Calco PolyTechnik Pvt Ltd,100,Kg,1,1,0,0,Valuation Rate,0,0,
BOM-710C3081-R2,710C3081,CiLON‚ĄĘ 30 % GF PA 6 Grey,Calco PolyTechnik Pvt Ltd,100,Kg,1,1,0,0,Valuation Rate,0,0,
BOM-710C3081F1-R2,710C3081F1,CiLON‚ĄĘ 30% GF FR PA6 RAL7035 Grey,Calco PolyTechnik Pvt Ltd,100,Kg,1,1,0,0,Valuation Rate,0,0,
BOM-710C3081FB-R0,710C3081FB,CiLON‚ĄĘ 33% GF FR PA6 Grey,Calco PolyTechnik Pvt Ltd,100,Kg,1,1,0,0,Valuation Rate,0,0,
BOM-710C3082-R2,710C3082,CiLON‚ĄĘ 30 % GF PA 6 Grey,Calco PolyTechnik Pvt Ltd,100,Kg,1,1,0,0,Valuation Rate,0,0,
BOM-710C3083F-R1,710C3083F,CiLON‚ĄĘ 30% GF FR PA6 Grey,Calco PolyTechnik Pvt Ltd,100,Kg,1,1,0,0,Valuation Rate,0,0,
BOM-710C3085-R2,710C3085,CiLON‚ĄĘ 30% GF PA6 Gey,Calco PolyTechnik Pvt Ltd,100,Kg,1,1,0,0,Valuation Rate,0,0,
BOM-710C3086-R1,710C3086,CiLON‚ĄĘ 30 % GF PA 6 Grey,Calco PolyTechnik Pvt Ltd,100,Kg,1,1,0,0,Valuation Rate,0,0,
BOM-710C3087F-R0,710C3087F,CiLON‚ĄĘ 37% GF FR PA6 Grey,Calco PolyTechnik Pvt Ltd,100,Kg,1,1,0,0,Valuation Rate,0,0,
BOM-710C3091-R1,710C3091,CiLON‚ĄĘ 30% GF White,Calco PolyTechnik Pvt Ltd,100,Kg,1,1,0,0,Valuation Rate,0,0,
BOM-710C3092P-R1,710C3092P,CiLON‚ĄĘ 30% GF+12% PTFE Filled PA6 White,Calco PolyTechnik Pvt Ltd,100,Kg,1,1,0,0,Valuation Rate,0,0,
BOM-710C3101-R0,710C3101,710C3101,Calco PolyTechnik Pvt Ltd,100,Kg,1,1,0,0,Valuation Rate,0,0,
BOM-710C3301A-R1,710C3301A,CiLON‚ĄĘ 15%MF + 15%GF PA6 Black,Calco PolyTechnik Pvt Ltd,100,Kg,1,1,0,0,Valuation Rate,0,0,
BOM-710C4001-R0,710C4001,CiLON‚ĄĘ 40% GF PA6 Black,Calco PolyTechnik Pvt Ltd,100,Kg,1,1,0,0,Valuation Rate,0,0,
BOM-710C4002-R0,710C4002,CiLON‚ĄĘ 45% GF PA6 Black,Calco PolyTechnik Pvt Ltd,100,Kg,1,1,0,0,Valuation Rate,0,0,
BOM-710C4031-R1,710C4031,CiLON‚ĄĘ 40% GF PA6 Natural,Calco PolyTechnik Pvt Ltd,100,Kg,1,1,0,0,Valuation Rate,0,0,
BOM-710C4031HFHS-R0,710C4031HFHS,"CiLON‚ĄĘ 40% GF PA6 High Flow, Heat Stabilized Natural",Calco PolyTechnik Pvt Ltd,100,Kg,1,1,0,0,Valuation Rate,0,0,
BOM-710C4081-R1,710C4081,CiLON‚ĄĘ 40% GF PA6 RAL9006 Grey,Calco PolyTechnik Pvt Ltd,100,Kg,1,1,0,0,Valuation Rate,0,0,
BOM-710C4101-R1,710C4101,CiLON‚ĄĘ 40% MF PA6 Black,Calco PolyTechnik Pvt Ltd,100,Kg,1,1,0,0,Valuation Rate,0,0,
BOM-710C4111-R1,710C4111,CiLON‚ĄĘ 40 % MF PA6 Beige,Calco PolyTechnik Pvt Ltd,100,Kg,1,1,0,0,Valuation Rate,0,0,
BOM-710C5001-R4,710C5001,CiLON‚ĄĘ 50% GF PA6 Black,Calco PolyTechnik Pvt Ltd,100,Kg,1,1,0,0,Valuation Rate,0,0,
BOM-710C5001F-R2,710C5001F,CiLON‚ĄĘ 50% GF FR PA6 Black,Calco PolyTechnik Pvt Ltd,100,Kg,1,1,0,0,Valuation Rate,0,0,
BOM-710C5001HF-R0,710C5001HF,CiLON‚ĄĘ 50% GF PA6 HF Black,Calco PolyTechnik Pvt Ltd,100,Kg,1,1,0,0,Valuation Rate,0,0,
BOM-710C5001HS-R1,710C5001HS,CiLON‚ĄĘ 50% GF PA6 Heat Stabilized Black,Calco PolyTechnik Pvt Ltd,100,Kg,1,1,0,0,Valuation Rate,0,0,
BOM-710C5001P-R2,710C5001P,CiLON‚ĄĘ 50% GF PA6 Black,Calco PolyTechnik Pvt Ltd,100,Kg,1,1,0,0,Valuation Rate,0,0,
BOM-710C5031-R1,710C5031,CiLON‚ĄĘ 50% GF PA6 Natural,Calco PolyTechnik Pvt Ltd,100,Kg,1,1,0,0,Valuation Rate,0,0,
BOM-710C5031F-R1,710C5031F,CiLON‚ĄĘ 50% GF FR PA6 Natural,Calco PolyTechnik Pvt Ltd,100,Kg,1,1,0,0,Valuation Rate,0,0,
BOM-710C6001-R0,710C6001,CiLON‚ĄĘ 60% GF PA6 Black,Calco PolyTechnik Pvt Ltd,100,Kg,1,1,0,0,Valuation Rate,0,0,
BOM-710C6031-R1,710C6031,CiLON‚ĄĘ 60% GF PA6 Natural,Calco PolyTechnik Pvt Ltd,100,Kg,1,1,0,0,Valuation Rate,0,0,
BOM-710D0093-R0,710D0093,710D0093,Calco PolyTechnik Pvt Ltd,100,Kg,1,1,0,0,Valuation Rate,0,0,
BOM-710D1031F-R1,710D1031F,CiLON‚ĄĘ 15% GF FR PA6 Natural,Calco PolyTechnik Pvt Ltd,100,Kg,1,1,0,0,Valuation Rate,0,0,
BOM-710D1532-R1,710D1532,CiLON‚ĄĘ 20% Teflon Filled PA6 Natural,Calco PolyTechnik Pvt Ltd,100,Kg,1,1,0,0,Valuation Rate,0,0,
BOM-710D2004F-R1,710D2004F,CiLON‚ĄĘ 20% GF FR PA6 Black,Calco PolyTechnik Pvt Ltd,100,Kg,1,1,0,0,Valuation Rate,0,0,
BOM-710D2011F-R0,710D2011F,CiLON‚ĄĘ 20% GF FR PA6 Brown,Calco PolyTechnik Pvt Ltd,100,Kg,1,1,0,0,Valuation Rate,0,0,
BOM-710D2021F-R1,710D2021F,CiLON‚ĄĘ 25% GF FR PA6 Red,Calco PolyTechnik Pvt Ltd,100,Kg,1,1,0,0,Valuation Rate,0,0,
BOM-710D2033F-R1,710D2033F,CiLON‚ĄĘ 25% GF FR PA6 Natural,Calco PolyTechnik Pvt Ltd,100,Kg,1,1,0,0,Valuation Rate,0,0,
BOM-710D2061F-R1,710D2061F,CiLON‚ĄĘ 25% GF FR PA6 Blue,Calco PolyTechnik Pvt Ltd,100,Kg,1,1,0,0,Valuation Rate,0,0,
BOM-710D2087F-R1,710D2087F,CiLON‚ĄĘ 25% GF FR PA6 Grey,Calco PolyTechnik Pvt Ltd,100,Kg,1,1,0,0,Valuation Rate,0,0,
BOM-710D3001MUV-R1,710D3001MUV,710D3001MUV,Calco PolyTechnik Pvt Ltd,100,Kg,1,1,0,0,Valuation Rate,0,0,
BOM-710D3028UV-R0,710D3028UV,CiLON‚ĄĘ30% GF PA6 UV Stabilized Red,Calco PolyTechnik Pvt Ltd,100,Kg,1,1,0,0,Valuation Rate,0,0,
BOM-710D4004F2-R0,710D4004F2,710D4004F2,Calco PolyTechnik Pvt Ltd,100,Kg,1,1,0,0,Valuation Rate,0,0,
BOM-710D4391F5-R0,710D4391F5,710D4391F5,Calco PolyTechnik Pvt Ltd,100,Kg,1,1,0,0,Valuation Rate,0,0,
BOM-710D5001F-R0,710D5001F,710D5001F,Calco PolyTechnik Pvt Ltd,100,Kg,1,1,0,0,Valuation Rate,0,0,
BOM-710D5002HS-R1,710D5002HS,CiLON‚ĄĘ 50% GF PA6 Heat Stabilized Black,Calco PolyTechnik Pvt Ltd,100,Kg,1,1,0,0,Valuation Rate,0,0,
BOM-710D5003-R0,710D5003,CiLON‚ĄĘ 50% GF PA6 Black,Calco PolyTechnik Pvt Ltd,100,Kg,1,1,0,0,Valuation Rate,0,0,
BOM-710D6002-R0,710D6002,CiLON‚ĄĘ 60% GF PA6 Black,Calco PolyTechnik Pvt Ltd,100,Kg,1,1,0,0,Valuation Rate,0,0,
BOM-711C0001F-R4,711C0001F,CiLON‚ĄĘ Unfilled FR PA 6 Black,Calco PolyTechnik Pvt Ltd,100,Kg,1,1,0,0,Valuation Rate,0,0,
BOM-711C0002-R6,711C0002,CiLON‚ĄĘ Unfilled PA 6 Black,Calco PolyTechnik Pvt Ltd,100,Kg,1,1,0,0,Valuation Rate,0,0,
BOM-711C0002A-R1,711C0002A,eCiLON‚ĄĘ UF PA6 Black,Calco PolyTechnik Pvt Ltd,100,Kg,1,1,0,0,Valuation Rate,0,0,
BOM-711C0002F-R0,711C0002F,eCiLON‚ĄĘ UF FR PA6 Black,Calco PolyTechnik Pvt Ltd,100,Kg,1,1,0,0,Valuation Rate,0,0,
BOM-711C0002M-R0,711C0002M,eCiLON‚ĄĘ Unfilled PA 6 Black,Calco PolyTechnik Pvt Ltd,100,Kg,1,1,0,0,Valuation Rate,0,0,
BOM-711C0003-R1,711C0003,CiLON‚ĄĘ Unfilled PA 6 Black,Calco PolyTechnik Pvt Ltd,100,Kg,1,1,0,0,Valuation Rate,0,0,
BOM-711C0032-R1,711C0032,eCiLON‚ĄĘ UF PA6 natural,Calco PolyTechnik Pvt Ltd,100,Kg,1,1,0,0,Valuation Rate,0,0,
BOM-711C0081-R1,711C0081,CiLON‚ĄĘ Unfilled PA 6 Grey,Calco PolyTechnik Pvt Ltd,100,Kg,1,1,0,0,Valuation Rate,0,0,
BOM-711C1001F-R2,711C1001F,CiLON‚ĄĘ 5% GF FR PA6 Black,Calco PolyTechnik Pvt Ltd,100,Kg,1,1,0,0,Valuation Rate,0,0,
BOM-711C1201-R2,711C1201,CiLON‚ĄĘ 15% MF PA6 Black,Calco PolyTechnik Pvt Ltd,100,Kg,1,1,0,0,Valuation Rate,0,0,
BOM-711C2003-R0,711C2003,CiLON‚ĄĘ 20% GF PA6 Black,Calco PolyTechnik Pvt Ltd,100,Kg,1,1,0,0,Valuation Rate,0,0,
BOM-711C3001HF-R3,711C3001HF,CiLON‚ĄĘ 30 % GF PA 6 Black,Calco PolyTechnik Pvt Ltd,100,Kg,1,1,0,0,Valuation Rate,0,0,
BOM-711C3001IM-R0,711C3001IM,CiLON‚ĄĘ 30% GF PA6 Impact Modifier Black,Calco PolyTechnik Pvt Ltd,100,Kg,1,1,0,0,Valuation Rate,0,0,
BOM-711C3002E-R2,711C3002E,CiLON‚ĄĘ 30% PA6 GF Black,Calco PolyTechnik Pvt Ltd,100,Kg,1,1,0,0,Valuation Rate,0,0,
BOM-711C3002HS-R0,711C3002HS,eCiLON‚ĄĘ 30% GF/GB PA6 Heat Stabilized Black,Calco PolyTechnik Pvt Ltd,100,Kg,1,1,0,0,Valuation Rate,0,0,
BOM-711C3002IM-R1,711C3002IM,eCiLON‚ĄĘ 30% GF PA6 IM Black,Calco PolyTechnik Pvt Ltd,100,Kg,1,1,0,0,Valuation Rate,0,0,
BOM-711C3002M-R0,711C3002M,eCiLON‚ĄĘ 30% GF PA6 Dark Black,Calco PolyTechnik Pvt Ltd,100,Kg,1,1,0,0,Valuation Rate,0,0,
BOM-711C3003HS-R1,711C3003HS,CiLON‚ĄĘ 30% GF PA6 Heat Stabilized Black,Calco PolyTechnik Pvt Ltd,100,Kg,0,0,0,0,Valuation Rate,0,0,
BOM-711C3006HF-R1,711C3006HF,CiLON‚ĄĘ 35% GF PA6 Black,Calco PolyTechnik Pvt Ltd,100,Kg,1,1,0,0,Valuation Rate,0,0,
BOM-711C3007-R0,711C3007,CiLON‚ĄĘ 30%GF PA6 Black,Calco PolyTechnik Pvt Ltd,100,Kg,1,1,0,0,Valuation Rate,0,0,
BOM-711D1001F-R1,711D1001F,eCiLON‚ĄĘ15% GF FR PA6 Black,Calco PolyTechnik Pvt Ltd,100,Kg,1,1,0,0,Valuation Rate,0,0,
BOM-711D1004-R2,711D1004,HiLENE‚ĄĘ 30% GF PP Black,Calco PolyTechnik Pvt Ltd,100,Kg,1,1,0,0,Valuation Rate,0,0,
BOM-711D3004HS-R1,711D3004HS,CiLON‚ĄĘ 30% GF PA6 Heat Stabilized Black,Calco PolyTechnik Pvt Ltd,100,Kg,1,1,0,0,Valuation Rate,0,0,
BOM-711D3008IM-R1,711D3008IM,CiLON‚ĄĘ 30% GF PA6 Black,Calco PolyTechnik Pvt Ltd,100,Kg,1,1,0,0,Valuation Rate,0,0,
BOM-711D5002-R0,711D5002,eCiLON‚ĄĘ 50% GF PA6 Black,Calco PolyTechnik Pvt Ltd,100,Kg,0,0,0,0,Valuation Rate,0,0,
BOM-711D5002-R1,711D5002,eCiLON‚ĄĘ 50% GF PA6 Black,Calco PolyTechnik Pvt Ltd,100,Kg,1,1,0,0,Valuation Rate,0,0,
BOM-712D0031F-R1,712D0031F,ReViveX‚ĄĘ UF FR PA6 Natural,Calco PolyTechnik Pvt Ltd,100,Kg,1,1,0,0,Valuation Rate,0,0,
BOM-712D1004-6-R0,712D1004-6,ReViveX ¬ģ 15% GF PA6 Black,Calco PolyTechnik Pvt Ltd,100,Kg,1,1,0,0,Valuation Rate,0,0,
BOM-712D2081F3-4-R0,712D2081F3-4,712D2081F3-4,Calco PolyTechnik Pvt Ltd,100,Kg,1,1,0,0,Valuation Rate,0,0,
BOM-712D2088F-4-R0,712D2088F-4,ReViveX ¬ģ 20% GF FR PA6 Grey,Calco PolyTechnik Pvt Ltd,100,Kg,1,1,0,0,Valuation Rate,0,0,
BOM-712D2094F-4-R0,712D2094F-4,ReViveX ¬ģ 20% GF FR PA6 White,Calco PolyTechnik Pvt Ltd,100,Kg,1,1,0,0,Valuation Rate,0,0,
BOM-712D3081F2-4-R0,712D3081F2-4,ReViveX ¬ģ 30% GF FR PA6 Grey,Calco PolyTechnik Pvt Ltd,100,Kg,1,1,0,0,Valuation Rate,0,0,
BOM-720C0001-R1,720C0001,CiLON‚ĄĘ UF PA66 Black,Calco PolyTechnik Pvt Ltd,100,Kg,1,1,0,0,Valuation Rate,0,0,
BOM-720C0001F-R1,720C0001F,CiLON‚ĄĘ UF FR PA66 Reddish Black,Calco PolyTechnik Pvt Ltd,100,Kg,1,1,0,0,Valuation Rate,0,0,
BOM-720C0001HS-R1,720C0001HS,CiLON‚ĄĘ UF PA66 Heat Stabilized Black,Calco PolyTechnik Pvt Ltd,100,Kg,1,1,0,0,Valuation Rate,0,0,
BOM-720C0002F-R1,720C0002F,CiLON‚ĄĘ UF FR PA66 Black,Calco PolyTechnik Pvt Ltd,100,Kg,1,1,0,0,Valuation Rate,0,0,
BOM-720C0002ST-R1,720C0002ST,CiLON‚ĄĘ UF PA66 Super Tough Black,Calco PolyTechnik Pvt Ltd,100,Kg,1,1,0,0,Valuation Rate,0,0,
BOM-720C0022ST-R1,720C0022ST,CiLON‚ĄĘ UF PA66 Super Tough Red,Calco PolyTechnik Pvt Ltd,100,Kg,1,1,0,0,Valuation Rate,0,0,
BOM-720C0024ST-R1,720C0024ST,CiLON‚ĄĘ UF PA66 Super Tough Brown,Calco PolyTechnik Pvt Ltd,100,Kg,1,1,0,0,Valuation Rate,0,0,
BOM-720C0031-R1,720C0031,CiLON‚ĄĘ UF PA66 Natural,Calco PolyTechnik Pvt Ltd,100,Kg,1,1,0,0,Valuation Rate,0,0,
BOM-720C0031F-R1,720C0031F,CiLON‚ĄĘ UF FR PA66 Natural,Calco PolyTechnik Pvt Ltd,100,Kg,1,1,0,0,Valuation Rate,0,0,
BOM-720C0031HS-R2,720C0031HS,CiLON‚ĄĘ UF PA66 Heat Stabilized Natural,Calco PolyTechnik Pvt Ltd,100,Kg,1,1,0,0,Valuation Rate,0,0,
BOM-720C0081-R1,720C0081,CiLON‚ĄĘ Unfilled PA66 Grey,Calco PolyTechnik Pvt Ltd,100,Kg,1,1,0,0,Valuation Rate,0,0,
BOM-720C0081F-R1,720C0081F,CiLON‚ĄĘ UF FR PA66 RAL 7035 Grey,Calco PolyTechnik Pvt Ltd,100,Kg,1,1,0,0,Valuation Rate,0,0,
BOM-720C1001-R1,720C1001,CiLON‚ĄĘ 15% GF PA66 Black,Calco PolyTechnik Pvt Ltd,100,Kg,1,1,0,0,Valuation Rate,0,0,
BOM-720C1002-R1,720C1002,CiLON‚ĄĘ PA66,Calco PolyTechnik Pvt Ltd,100,Kg,1,1,0,0,Valuation Rate,0,0,
BOM-720C2001-R1,720C2001,CiLON‚ĄĘ 25% GF PA66 Black,Calco PolyTechnik Pvt Ltd,100,Kg,0,0,0,0,Valuation Rate,0,0,
BOM-720C2001-R2,720C2001,CiLON‚ĄĘ 25% GF PA66 Black,Calco PolyTechnik Pvt Ltd,100,Kg,1,1,0,0,Valuation Rate,0,0,
BOM-720C2001F-R2,720C2001F,CiLON‚ĄĘ 25% GF FR PA66 Black,Calco PolyTechnik Pvt Ltd,100,Kg,1,1,0,0,Valuation Rate,0,0,
BOM-720C2001HS-R1,720C2001HS,"CiLON‚ĄĘ 25% GF PA66 Heat Stabilized, Black",Calco PolyTechnik Pvt Ltd,100,Kg,1,1,0,0,Valuation Rate,0,0,
BOM-720C2011-R1,720C2011,CiLON‚ĄĘ 25% GF PA66 BROWN,Calco PolyTechnik Pvt Ltd,100,Kg,1,1,0,0,Valuation Rate,0,0,
BOM-720C2031-R1,720C2031,CiLON‚ĄĘ 25% GF PA66 Natural,Calco PolyTechnik Pvt Ltd,100,Kg,1,1,0,0,Valuation Rate,0,0,
BOM-720C2031F-R1,720C2031F,CiLON‚ĄĘ 25% GF FR PA66 Red Phosphorus,Calco PolyTechnik Pvt Ltd,100,Kg,1,1,0,0,Valuation Rate,0,0,
BOM-720C2032-R1,720C2032,CiLON‚ĄĘ 20% GF PA66 Natural,Calco PolyTechnik Pvt Ltd,100,Kg,1,1,0,0,Valuation Rate,0,0,
BOM-720C2032F-R1,720C2032F,CiLON‚ĄĘ 25% GF FR PA66 Natural,Calco PolyTechnik Pvt Ltd,100,Kg,1,1,0,0,Valuation Rate,0,0,
BOM-720C2082F1-R0,720C2082F1,CiLON‚ĄĘ 25% GF Halogen & Phosphorus Free FR PA66 RAL 7035 Grey,Calco PolyTechnik Pvt Ltd,100,Kg,1,1,0,0,Valuation Rate,0,0,
BOM-720C2082F1L-R0,720C2082F1L,CiLON‚ĄĘ 25% GF Halogen & Phosphorus Free FR Laser Markable PA66 RAL 7035 Grey,Calco PolyTechnik Pvt Ltd,100,Kg,1,1,0,0,Valuation Rate,0,0,
BOM-720C2082F2-R0,720C2082F2,CiLON‚ĄĘ 25% GF Red Phosphorus FR PA66 RAL 7016 Grey,Calco PolyTechnik Pvt Ltd,100,Kg,0,0,0,0,Valuation Rate,0,0,
BOM-720C2082F2-R1,720C2082F2,CiLON‚ĄĘ 25% GF Red Phosphorus FR PA66 RAL 7016 Grey,Calco PolyTechnik Pvt Ltd,100,Kg,1,1,0,0,Valuation Rate,0,0,
BOM-720C2181-R2,720C2181,CiLON‚ĄĘ 20% MF PA66 Grey,Calco PolyTechnik Pvt Ltd,100,Kg,1,1,0,0,Valuation Rate,0,0,
BOM-720C3001-R1,720C3001,CiLON‚ĄĘ 33 % GF PA 66 Black,Calco PolyTechnik Pvt Ltd,100,Kg,1,1,0,0,Valuation Rate,0,0,
BOM-720C3001F-R3,720C3001F,CiLON‚ĄĘ 30% GF FR PA66 Red Phosphorus,Calco PolyTechnik Pvt Ltd,100,Kg,1,1,0,0,Valuation Rate,0,0,
BOM-720C3002HS-R2,720C3002HS,CiLON‚ĄĘ 30% GF PA66 Black,Calco PolyTechnik Pvt Ltd,100,Kg,1,1,0,0,Valuation Rate,0,0,
BOM-720C3002HSHD-R1,720C3002HSHD,"CiLON‚ĄĘ 35% GF PA66 Heat Stabilized, Hydrolysis Resistance Black",Calco PolyTechnik Pvt Ltd,100,Kg,1,1,0,0,Valuation Rate,0,0,
BOM-720C3004HS-R1,720C3004HS,CiLON‚ĄĘ 30% GF PA66 Black,Calco PolyTechnik Pvt Ltd,100,Kg,1,1,0,0,Valuation Rate,0,0,
BOM-720C3004HSHD-R3,720C3004HSHD,"CiLON‚ĄĘ 30% GF PA66 Heat Stabilized, Hydrolysis Resistance Black",Calco PolyTechnik Pvt Ltd,100,Kg,1,1,0,0,Valuation Rate,0,0,
BOM-720C3005HS-R1,720C3005HS,CiLON‚ĄĘ 35% GF PA66 Heat Stabilized Black,Calco PolyTechnik Pvt Ltd,100,Kg,1,1,0,0,Valuation Rate,0,0,
BOM-720C3031-R1,720C3031,CiLON‚ĄĘ 33% GF PA 66 Natural,Calco PolyTechnik Pvt Ltd,100,Kg,1,1,0,0,Valuation Rate,0,0,
BOM-720C3031F-R2,720C3031F,CiLON‚ĄĘ 30% GF FR PA66 Natural,Calco PolyTechnik Pvt Ltd,100,Kg,1,1,0,0,Valuation Rate,0,0,
BOM-720C3032F-R1,720C3032F,CiLON‚ĄĘ 30% GF PA6 Natural,Calco PolyTechnik Pvt Ltd,100,Kg,1,1,0,0,Valuation Rate,0,0,
BOM-720C3034-R1,720C3034,CiLON‚ĄĘ 30% GF PA66 Natural,Calco PolyTechnik Pvt Ltd,100,Kg,1,1,0,0,Valuation Rate,0,0,
BOM-720C3034HS-R0,720C3034HS,CiLON‚ĄĘ 30% GF PA66 Heat Stabilized Natural,Calco PolyTechnik Pvt Ltd,100,Kg,0,0,0,0,Valuation Rate,0,0,
BOM-720C3034HS-R1,720C3034HS,CiLON‚ĄĘ 30% GF PA66 Heat Stabilized Natural,Calco PolyTechnik Pvt Ltd,100,Kg,1,1,0,0,Valuation Rate,0,0,
BOM-720C3034HSHD-R1,720C3034HSHD,"CiLON‚ĄĘ 30% GF PA66 Heat Stabilized, Hydrolysis Resistance Natural",Calco PolyTechnik Pvt Ltd,100,Kg,1,1,0,0,Valuation Rate,0,0,
BOM-720C3035-R0,720C3035,720C3035,Calco PolyTechnik Pvt Ltd,100,Kg,1,1,0,0,Valuation Rate,0,0,
BOM-720C3051HS-R1,720C3051HS,CiLON‚ĄĘ 30% GF PA66 Heat Stabilized Green,Calco PolyTechnik Pvt Ltd,100,Kg,1,1,0,0,Valuation Rate,0,0,
BOM-720C3531-R1,720C3531,CiLON‚ĄĘ 30% GF + 15% PTFE Filled PA66 Natural,Calco PolyTechnik Pvt Ltd,100,Kg,1,1,0,0,Valuation Rate,0,0,
BOM-720C4031-R1,720C4031,CiLON‚ĄĘ 43% GF PA66 NATURAL,Calco PolyTechnik Pvt Ltd,100,Kg,1,1,0,0,Valuation Rate,0,0,
BOM-720C4031HS-R1,720C4031HS,720C4031HS,Calco PolyTechnik Pvt Ltd,100,Kg,1,1,0,0,Valuation Rate,0,0,
BOM-720C4101-R2,720C4101,CiLON‚ĄĘ 40% MF PA66 Black,Calco PolyTechnik Pvt Ltd,100,Kg,1,1,0,0,Valuation Rate,0,0,
BOM-720C4102-R2,720C4102,CiLON‚ĄĘ 40% MF PA66 Black,Calco PolyTechnik Pvt Ltd,100,Kg,1,1,0,0,Valuation Rate,0,0,
BOM-720C5001-R1,720C5001,CiLON‚ĄĘ 50% GF PA66 Black,Calco PolyTechnik Pvt Ltd,100,Kg,1,1,0,0,Valuation Rate,0,0,
BOM-720C5001F-R0,720C5001F,CiLON‚ĄĘ 50% GF FR PA66 Black,Calco PolyTechnik Pvt Ltd,100,Kg,1,1,0,0,Valuation Rate,0,0,
BOM-720C5031-R1,720C5031,CiLON‚ĄĘ 50% GF PA66 Natural,Calco PolyTechnik Pvt Ltd,100,Kg,1,1,0,0,Valuation Rate,0,0,
BOM-720C5031HS-R0,720C5031HS,CiLON‚ĄĘ 50% GF PA66 Natural,Calco PolyTechnik Pvt Ltd,100,Kg,1,1,0,0,Valuation Rate,0,0,
BOM-720C6001-R0,720C6001,CiLON‚ĄĘ 60% GF PA66 Black,Calco PolyTechnik Pvt Ltd,100,Kg,1,1,0,0,Valuation Rate,0,0,
BOM-720C6031-R0,720C6031,CiLON‚ĄĘ 60% GF PA66 Natural,Calco PolyTechnik Pvt Ltd,100,Kg,1,1,0,0,Valuation Rate,0,0,
BOM-720D0001IMF4-R0,720D0001IMF4,720D0001IMF4,Calco PolyTechnik Pvt Ltd,100,Kg,1,1,0,0,Valuation Rate,0,0,
BOM-720D0003F-R0,720D0003F,CiLON‚ĄĘ UF PA66 Natural,Calco PolyTechnik Pvt Ltd,100,Kg,0,0,0,0,Valuation Rate,0,0,
BOM-720D0003F-R1,720D0003F,CiLON‚ĄĘ UF PA66 Natural,Calco PolyTechnik Pvt Ltd,100,Kg,1,1,0,0,Valuation Rate,0,0,
BOM-720D0004F-R1,720D0004F,CiLON‚ĄĘ UF FR PA66 Black,Calco PolyTechnik Pvt Ltd,100,Kg,1,1,0,0,Valuation Rate,0,0,
BOM-720D0032HS-R0,720D0032HS,CiLON‚ĄĘ UF PA66 Natural,Calco PolyTechnik Pvt Ltd,100,Kg,1,1,0,0,Valuation Rate,0,0,
BOM-720D0033IMF4-R1,720D0033IMF4,720D0033IMF4,Calco PolyTechnik Pvt Ltd,100,Kg,1,1,0,0,Valuation Rate,0,0,
BOM-720D1533-R1,720D1533,CiLON‚ĄĘ 20% Teflon Filled PA66 Natural,Calco PolyTechnik Pvt Ltd,100,Kg,1,1,0,0,Valuation Rate,0,0,
BOM-720D2002F-R0,720D2002F,CiLON‚ĄĘ 25% GF FR PA66 Red Phosphorus Black,Calco PolyTechnik Pvt Ltd,100,Kg,1,1,0,0,Valuation Rate,0,0,
BOM-720D2002F2-R0,720D2002F2,HiLENE‚ĄĘ 40% GF PP FR Natural,Calco PolyTechnik Pvt Ltd,100,Kg,1,1,0,0,Valuation Rate,0,0,
BOM-720D2003F4-R1,720D2003F4,720D2003F4,Calco PolyTechnik Pvt Ltd,100,Kg,1,1,0,0,Valuation Rate,0,0,
BOM-720D2083F-R1,720D2083F,CiLON‚ĄĘ 25% GF FR PA66 Silk Grey,Calco PolyTechnik Pvt Ltd,100,Kg,1,1,0,0,Valuation Rate,0,0,
BOM-720D3006HS-R1,720D3006HS,CiLON‚ĄĘ 30% GF PA66 Black,Calco PolyTechnik Pvt Ltd,100,Kg,1,1,0,0,Valuation Rate,0,0,
BOM-720D3007HS-R1,720D3007HS,CiLON‚ĄĘ 35% GF PA66 Heat Stabilized Black,Calco PolyTechnik Pvt Ltd,100,Kg,1,1,0,0,Valuation Rate,0,0,
BOM-720D3022-R1,720D3022,CiLON‚ĄĘ 33% GF PA66 Red,Calco PolyTechnik Pvt Ltd,100,Kg,1,1,0,0,Valuation Rate,0,0,
BOM-720D3091HR-R0,720D3091HR,CiLON‚ĄĘ 30% GF PA66 White,Calco PolyTechnik Pvt Ltd,100,Kg,0,0,0,0,Valuation Rate,0,0,
BOM-720D3091HR-R1,720D3091HR,CiLON‚ĄĘ 30% GF PA66 White,Calco PolyTechnik Pvt Ltd,100,Kg,1,1,0,0,Valuation Rate,0,0,
BOM-720D4031F4-R0,720D4031F4,720D4031F4,Calco PolyTechnik Pvt Ltd,100,Kg,1,1,0,0,Valuation Rate,0,0,
BOM-720D4033-R1,720D4033,CiLON‚ĄĘ 43% GF PA66 Natural,Calco PolyTechnik Pvt Ltd,100,Kg,1,1,0,0,Valuation Rate,0,0,
BOM-720D6001UV-R1,720D6001UV,720D6001UV,Calco PolyTechnik Pvt Ltd,100,Kg,1,1,0,0,Valuation Rate,0,0,
BOM-721C0001F-R0,721C0001F,CiLON‚ĄĘ UF FR PA66 Black,Calco PolyTechnik Pvt Ltd,100,Kg,1,1,0,0,Valuation Rate,0,0,
BOM-721C0001T-R1,721C0001T,eCiLON‚ĄĘ UF PA66 Tough Black,Calco PolyTechnik Pvt Ltd,100,Kg,1,1,0,0,Valuation Rate,0,0,
BOM-721C1001-R1,721C1001,CiLON‚ĄĘ 15% GF PA 66 Black,Calco PolyTechnik Pvt Ltd,100,Kg,1,1,0,0,Valuation Rate,0,0,
BOM-721C1002-R1,721C1002,eCiLON‚ĄĘ 10% GF PA66 Black,Calco PolyTechnik Pvt Ltd,100,Kg,1,1,0,0,Valuation Rate,0,0,
BOM-721C2001-R2,721C2001,CiLON‚ĄĘ 25% GF PA66 Black,Calco PolyTechnik Pvt Ltd,100,Kg,1,1,0,0,Valuation Rate,0,0,
BOM-721C2001A-R1,721C2001A,eCiLON‚ĄĘ 20% GF PA66 Black,Calco PolyTechnik Pvt Ltd,100,Kg,1,1,0,0,Valuation Rate,0,0,
BOM-721C2001F-R2,721C2001F,CiLON‚ĄĘ 25% GF FR PA66 Black,Calco PolyTechnik Pvt Ltd,100,Kg,1,1,0,0,Valuation Rate,0,0,
BOM-721C2031F-R1,721C2031F,CiLON‚ĄĘ 25% GF FR PA66 Red Phosphorus,Calco PolyTechnik Pvt Ltd,100,Kg,1,1,0,0,Valuation Rate,0,0,
BOM-721C3001-R1,721C3001,CiLON‚ĄĘ 33% GF PA 66 Black,Calco PolyTechnik Pvt Ltd,100,Kg,1,1,0,0,Valuation Rate,0,0,
BOM-721C3001A-R1,721C3001A,eCiLON‚ĄĘ 30% GF PA66 Black,Calco PolyTechnik Pvt Ltd,100,Kg,1,1,0,0,Valuation Rate,0,0,
BOM-721C3001F-R1,721C3001F,eCiLON‚ĄĘ 30% GF FR PA66 Black,Calco PolyTechnik Pvt Ltd,100,Kg,1,1,0,0,Valuation Rate,0,0,
BOM-721C3002-R2,721C3002,CiLON‚ĄĘ 33% GF PA 66 Black,Calco PolyTechnik Pvt Ltd,100,Kg,1,1,0,0,Valuation Rate,0,0,
BOM-721C3002HS-R1,721C3002HS,eCiLON‚ĄĘ 33% GF PA66 Heat Stabilized Black,Calco PolyTechnik Pvt Ltd,100,Kg,1,1,0,0,Valuation Rate,0,0,
BOM-721C3003-R1,721C3003,CiLON‚ĄĘ 33% GF PA 66 Black,Calco PolyTechnik Pvt Ltd,100,Kg,1,1,0,0,Valuation Rate,0,0,
BOM-721C3004-R3,721C3004,CiLON‚ĄĘ 30% GF PA66 Black,Calco PolyTechnik Pvt Ltd,100,Kg,1,1,0,0,Valuation Rate,0,0,
BOM-721C4002-R1,721C4002,CiLON‚ĄĘ 43% GF PA66 Black,Calco PolyTechnik Pvt Ltd,100,Kg,1,1,0,0,Valuation Rate,0,0,
BOM-721C5001-R1,721C5001,CiLON‚ĄĘ 50% GF PA 66 Black,Calco PolyTechnik Pvt Ltd,100,Kg,1,1,0,0,Valuation Rate,0,0,
BOM-722D1101HSIM-R1,722D1101HSIM,ReViveX‚ĄĘ15% MF PA66 Heat Stabilized impact Modifier Black,Calco PolyTechnik Pvt Ltd,100,Kg,1,1,0,0,Valuation Rate,0,0,
BOM-722D2083F2-4-R0,722D2083F2-4,722D2083F2-4,Calco PolyTechnik Pvt Ltd,100,Kg,1,1,0,0,Valuation Rate,0,0,
BOM-722D3001-R1,722D3001,ReViveX‚ĄĘ 35% GF PA66 Black,Calco PolyTechnik Pvt Ltd,100,Kg,1,1,0,0,Valuation Rate,0,0,
BOM-722D3081F2-4-R0,722D3081F2-4,ReViveX ¬ģ 30% GF FR PA66 Grey,Calco PolyTechnik Pvt Ltd,100,Kg,1,1,0,0,Valuation Rate,0,0,
BOM-730C0002-R3,730C0002,"ZiLITE‚ĄĘ Unfilled PBT, Black",Calco PolyTechnik Pvt Ltd,100,Kg,1,1,0,0,Valuation Rate,0,0,
BOM-730C0031-R2,730C0031,ZiLITE‚ĄĘ UF PBT Natural,Calco PolyTechnik Pvt Ltd,100,Kg,1,1,0,0,Valuation Rate,0,0,
BOM-730C0032-R2,730C0032,ZiLITE‚ĄĘ UF PBT Natural,Calco PolyTechnik Pvt Ltd,100,Kg,1,1,0,0,Valuation Rate,0,0,
BOM-730C0034-R1,730C0034,ZiLITE‚ĄĘ UF PBT Natural,Calco PolyTechnik Pvt Ltd,100,Kg,1,1,0,0,Valuation Rate,0,0,
BOM-730C0035-R0,730C0035,730C0035,Calco PolyTechnik Pvt Ltd,100,Kg,1,1,0,0,Valuation Rate,0,0,
BOM-730C1001-R3,730C1001,ZiLITE‚ĄĘ 15% GF PBT Black,Calco PolyTechnik Pvt Ltd,100,Kg,1,1,0,0,Valuation Rate,0,0,
BOM-730C2001-R3,730C2001,"ZiLITE‚ĄĘ 15% GF PBT, Black",Calco PolyTechnik Pvt Ltd,100,Kg,1,1,0,0,Valuation Rate,0,0,
BOM-730C2002HS-R3,730C2002HS,ZiLITE‚ĄĘ 20 % GF PBT LED Black,Calco PolyTechnik Pvt Ltd,100,Kg,1,1,0,0,Valuation Rate,0,0,
BOM-730C2092-R0,730C2092,ZiLITE‚ĄĘ 20%GF PBT CFL White,Calco PolyTechnik Pvt Ltd,100,Kg,1,1,0,0,Valuation Rate,0,0,
BOM-730C2094F-R3,730C2094F,ZiLITE‚ĄĘ 20% GF FR CFL White PBT,Calco PolyTechnik Pvt Ltd,100,Kg,1,1,0,0,Valuation Rate,0,0,
BOM-730C2321-R3,730C2321,ZiLITE‚ĄĘ 20% GF PBT Orange,Calco PolyTechnik Pvt Ltd,100,Kg,1,1,0,0,Valuation Rate,0,0,
BOM-730C3001-R3,730C3001,ZiLITE‚ĄĘ 30% GF PBT Black,Calco PolyTechnik Pvt Ltd,100,Kg,1,1,0,0,Valuation Rate,0,0,
BOM-730C3001F-R5,730C3001F,ZiLITE‚ĄĘ 30% GF FR PBT Black,Calco PolyTechnik Pvt Ltd,100,Kg,1,1,0,0,Valuation Rate,0,0,
BOM-730C3001HSF-R3,730C3001HSF,ZiLITE‚ĄĘ 30% PBT GF FRHS Black,Calco PolyTechnik Pvt Ltd,100,Kg,1,1,0,0,Valuation Rate,0,0,
BOM-730C3003F-R4,730C3003F,"ZiLITE‚ĄĘ 30% GF FR PBT, Black",Calco PolyTechnik Pvt Ltd,100,Kg,1,1,0,0,Valuation Rate,0,0,
BOM-730C3031-R3,730C3031,ZiLITE‚ĄĘ 30% GF PBT Natural,Calco PolyTechnik Pvt Ltd,100,Kg,1,1,0,0,Valuation Rate,0,0,
BOM-730C3093-R2,730C3093,ZiLITE‚ĄĘ 30% GF PBT White,Calco PolyTechnik Pvt Ltd,100,Kg,1,1,0,0,Valuation Rate,0,0,
BOM-730C3095F-R2,730C3095F,ZiLITE‚ĄĘ 30% GF FR PBT White,Calco PolyTechnik Pvt Ltd,100,Kg,1,1,0,0,Valuation Rate,0,0,
BOM-730C4001F-R2,730C4001F,ZiLITE‚ĄĘ 40% GF FR PBT Black,Calco PolyTechnik Pvt Ltd,100,Kg,1,1,0,0,Valuation Rate,0,0,
BOM-730C5001-R3,730C5001,"ZiLITE‚ĄĘ 50% GF PBT, Black",Calco PolyTechnik Pvt Ltd,100,Kg,1,1,0,0,Valuation Rate,0,0,
BOM-730D1004F-R0,730D1004F,ZiLITE‚ĄĘ 15% GF PBT Black,Calco PolyTechnik Pvt Ltd,100,Kg,1,1,0,0,Valuation Rate,0,0,
BOM-730D1031F-R0,730D1031F,730D1031F,Calco PolyTechnik Pvt Ltd,100,Kg,1,1,0,0,Valuation Rate,0,0,
BOM-730D1033F4-R0,730D1033F4,eCiLON‚ĄĘ UF FR PA66 Black,Calco PolyTechnik Pvt Ltd,100,Kg,1,1,0,0,Valuation Rate,0,0,
BOM-730D1081-R1,730D1081,ZiLITE‚ĄĘ 15% GF PBT Grey,Calco PolyTechnik Pvt Ltd,100,Kg,1,1,0,0,Valuation Rate,0,0,
BOM-730D2001F1-R1,730D2001F1,730D2001F1,Calco PolyTechnik Pvt Ltd,100,Kg,1,1,0,0,Valuation Rate,0,0,
BOM-730D2091F-R0,730D2091F,730D2091F,Calco PolyTechnik Pvt Ltd,100,Kg,1,1,0,0,Valuation Rate,0,0,
BOM-730D3001L-R0,730D3001L,ZiLITE‚ĄĘ30% GF PBT Laser Markable Black,Calco PolyTechnik Pvt Ltd,100,Kg,1,1,0,0,Valuation Rate,0,0,
BOM-730D3004F-R1,730D3004F,ZiLITE‚ĄĘ 30% GF FR PBT Black,Calco PolyTechnik Pvt Ltd,100,Kg,1,1,0,0,Valuation Rate,0,0,
BOM-730D3006L-R0,730D3006L,ZiLITE‚ĄĘ 30% GF PBT Black,Calco PolyTechnik Pvt Ltd,100,Kg,1,1,0,0,Valuation Rate,0,0,
BOM-730D3031-R0,730D3031,ZiLITE‚ĄĘ 30% GF PBT Natural,Calco PolyTechnik Pvt Ltd,100,Kg,1,1,0,0,Valuation Rate,0,0,
BOM-730D3381F1-R0,730D3381F1,730D3381F1,Calco PolyTechnik Pvt Ltd,100,Kg,1,1,0,0,Valuation Rate,0,0,
BOM-730D3391-R1,730D3391,ZiLITE‚ĄĘ 30% GF PBT White,Calco PolyTechnik Pvt Ltd,100,Kg,1,1,0,0,Valuation Rate,0,0,
BOM-730D3392-R2,730D3392,ZiLITE‚ĄĘ 30% GF PBT White,Calco PolyTechnik Pvt Ltd,100,Kg,1,1,0,0,Valuation Rate,0,0,
BOM-731C0001-R2,731C0001,eZiLITE‚ĄĘ UF PBT Black,Calco PolyTechnik Pvt Ltd,100,Kg,1,1,0,0,Valuation Rate,0,0,
BOM-731C2002HS-R1,731C2002HS,eZiLITE‚ĄĘ 20% GF PBT LED BLACK,Calco PolyTechnik Pvt Ltd,100,Kg,1,1,0,0,Valuation Rate,0,0,
BOM-731C3001-R2,731C3001,ZiLITE‚ĄĘ 30 % GF PBT Black,Calco PolyTechnik Pvt Ltd,100,Kg,1,1,0,0,Valuation Rate,0,0,
BOM-731C3001F-R2,731C3001F,ZiLITE‚ĄĘ 30 % GF FR PBT Black,Calco PolyTechnik Pvt Ltd,100,Kg,1,1,0,0,Valuation Rate,0,0,
BOM-740C1101-R1,740C1101,ZiLITE‚ĄĘ 10% MF PBT + PC Black,Calco PolyTechnik Pvt Ltd,100,Kg,1,1,0,0,Valuation Rate,0,0,
BOM-740C2001-R0,740C2001,ZiLITE‚ĄĘ20% GF PBT/PET Black,Calco PolyTechnik Pvt Ltd,100,Kg,1,1,0,0,Valuation Rate,0,0,
BOM-740C2101-R2,740C2101,ZiLITE‚ĄĘ 20% MF PBT + PET Black,Calco PolyTechnik Pvt Ltd,100,Kg,1,1,0,0,Valuation Rate,0,0,
BOM-740C2181-R2,740C2181,ZiLITE‚ĄĘ 20% MF PBT+PET Grey,Calco PolyTechnik Pvt Ltd,100,Kg,1,1,0,0,Valuation Rate,0,0,
BOM-740C2182-R1,740C2182,ZiLITE‚ĄĘ 20% MF PBT/PET GREY,Calco PolyTechnik Pvt Ltd,100,Kg,1,1,0,0,Valuation Rate,0,0,
BOM-740C3001-R4,740C3001,ZiLITE‚ĄĘ 30% GF PBT - PET Black,Calco PolyTechnik Pvt Ltd,100,Kg,1,1,0,0,Valuation Rate,0,0,
BOM-740C3001F-R1,740C3001F,30% GF FR PET Black,Calco PolyTechnik Pvt Ltd,100,Kg,1,1,0,0,Valuation Rate,0,0,
BOM-740C3002-R3,740C3002,ZiLITE‚ĄĘ 30% GF PBT/PET Black,Calco PolyTechnik Pvt Ltd,100,Kg,1,1,0,0,Valuation Rate,0,0,
BOM-740C3003F-R0,740C3003F,30% GF FR PET Black,Calco PolyTechnik Pvt Ltd,100,Kg,1,1,0,0,Valuation Rate,0,0,
BOM-740C3033-R1,740C3033,ZiLITE‚ĄĘ 35% GF PET Natural,Calco PolyTechnik Pvt Ltd,100,Kg,1,1,0,0,Valuation Rate,0,0,
BOM-740C3092-R0,740C3092,ZiLITE‚ĄĘ 30% GF PBT - PET LED White,Calco PolyTechnik Pvt Ltd,100,Kg,1,1,0,0,Valuation Rate,0,0,
BOM-740C5001-R3,740C5001,ZiLITE‚ĄĘ 50% GF PBT/PET Black,Calco PolyTechnik Pvt Ltd,100,Kg,1,1,0,0,Valuation Rate,0,0,
BOM-740C5002-R1,740C5002,ZiLITE‚ĄĘ 50% GF PET Black,Calco PolyTechnik Pvt Ltd,100,Kg,1,1,0,0,Valuation Rate,0,0,
BOM-740D3002HF-R0,740D3002HF,740D3002HF,Calco PolyTechnik Pvt Ltd,100,Kg,1,1,0,0,Valuation Rate,0,0,
BOM-740D3041F-R1,740D3041F,ZiLITE‚ĄĘ 30% GF FR PET Light Yellow,Calco PolyTechnik Pvt Ltd,100,Kg,1,1,0,0,Valuation Rate,0,0,
BOM-741C3001F-R2,741C3001F,741C3001F,Calco PolyTechnik Pvt Ltd,100,Kg,1,1,0,0,Valuation Rate,0,0,
BOM-750C0001-R2,750C0001,PiCAN‚ĄĘ UF PC Black,Calco PolyTechnik Pvt Ltd,100,Kg,1,1,0,0,Valuation Rate,0,0,
BOM-750C0001F-R2,750C0001F,PiCAN‚ĄĘ Unfilled FR PC Black,Calco PolyTechnik Pvt Ltd,100,Kg,1,1,0,0,Valuation Rate,0,0,
BOM-750C0002F-R0,750C0002F,PiCAN‚ĄĘ UF PC FR Black,Calco PolyTechnik Pvt Ltd,100,Kg,0,0,0,0,Valuation Rate,0,0,
BOM-750C0002F-R1,750C0002F,PiCAN‚ĄĘ UF PC FR Black,Calco PolyTechnik Pvt Ltd,100,Kg,1,1,0,0,Valuation Rate,0,0,
BOM-750C0011-R0,750C0011,PiCAN‚ĄĘ PC IVORY,Calco PolyTechnik Pvt Ltd,100,Kg,1,1,0,0,Valuation Rate,0,0,
BOM-750C0031-R0,750C0031,PiCAN‚ĄĘ PC COMPOUND,Calco PolyTechnik Pvt Ltd,100,Kg,0,0,0,0,Valuation Rate,0,0,
BOM-750C0031-R1,750C0031,PiCAN‚ĄĘ PC COMPOUND,Calco PolyTechnik Pvt Ltd,100,Kg,1,1,0,0,Valuation Rate,0,0,
BOM-750C003160-R1,750C003160,PiCAN‚ĄĘ PC Diffuser 60E/M,Calco PolyTechnik Pvt Ltd,100,Kg,1,1,0,0,Valuation Rate,0,0,
BOM-750C003160M-R1,750C003160M,PiCAN‚ĄĘ PC Diffuser 60M,Calco PolyTechnik Pvt Ltd,100,Kg,1,1,0,0,Valuation Rate,0,0,
BOM-750C0031F-R0,750C0031F,PiCAN‚ĄĘ Unfilled FR PC Natural,Calco PolyTechnik Pvt Ltd,100,Kg,1,1,0,0,Valuation Rate,0,0,
BOM-750C0081F-R0,750C0081F,PiCAN‚ĄĘ UF FR PC RAL7035 Grey,Calco PolyTechnik Pvt Ltd,100,Kg,1,1,0,0,Valuation Rate,0,0,
BOM-750C0082F-R1,750C0082F,PiCAN‚ĄĘ UF FR PC RAL7015 Grey,Calco PolyTechnik Pvt Ltd,100,Kg,1,1,0,0,Valuation Rate,0,0,
BOM-750C0091FOP-R0,750C0091FOP,PiCAN‚ĄĘ UF FR PC Opaque White,Calco PolyTechnik Pvt Ltd,100,Kg,1,1,0,0,Valuation Rate,0,0,
BOM-750C0092-R0,750C0092,750C0092,Calco PolyTechnik Pvt Ltd,100,Kg,1,1,0,0,Valuation Rate,0,0,
BOM-750C1001-R1,750C1001,PiCAN‚ĄĘ 10% GF PC Black,Calco PolyTechnik Pvt Ltd,100,Kg,1,1,0,0,Valuation Rate,0,0,
BOM-750C1032-R0,750C1032,PiCAN‚ĄĘ 15% GF PC Natural,Calco PolyTechnik Pvt Ltd,100,Kg,1,1,0,0,Valuation Rate,0,0,
BOM-750C1051UVS-R1,750C1051UVS,PiCAN‚ĄĘ 10% GF PC UV Stabilized Olive Green,Calco PolyTechnik Pvt Ltd,100,Kg,0,0,0,0,Valuation Rate,0,0,
BOM-750C1051UVS-R2,750C1051UVS,PiCAN‚ĄĘ 10% GF PC UV Stabilized Olive Green,Calco PolyTechnik Pvt Ltd,100,Kg,1,1,0,0,Valuation Rate,0,0,
BOM-750C1091F-R0,750C1091F,750C1091F,Calco PolyTechnik Pvt Ltd,100,Kg,1,1,0,0,Valuation Rate,0,0,
BOM-750C2031-R2,750C2031,PiCAN‚ĄĘ 20% GF PC Natural,Calco PolyTechnik Pvt Ltd,100,Kg,1,1,0,0,Valuation Rate,0,0,
BOM-750C3031-R1,750C3031,PiCAN‚ĄĘ 30% GF PC Natural,Calco PolyTechnik Pvt Ltd,100,Kg,1,1,0,0,Valuation Rate,0,0,
BOM-750C3031F-R1,750C3031F,PiCAN‚ĄĘ 30% GF FR PC Natural,Calco PolyTechnik Pvt Ltd,100,Kg,1,1,0,0,Valuation Rate,0,0,
BOM-751C0091FOP-R1,751C0091FOP,PiCAN‚ĄĘ UF FR PC Opaque White,Calco PolyTechnik Pvt Ltd,100,Kg,1,1,0,0,Valuation Rate,0,0,
BOM-751C1091F-R0,751C1091F,751C1091F,Calco PolyTechnik Pvt Ltd,100,Kg,1,1,0,0,Valuation Rate,0,0,
BOM-760C0001-R1,760C0001,PiCAN‚ĄĘ UF PC/PBT Black,Calco PolyTechnik Pvt Ltd,100,Kg,1,1,0,0,Valuation Rate,0,0,
BOM-760C0031-R1,760C0031,PiCAN‚ĄĘ PC+ABS ALLOY,Calco PolyTechnik Pvt Ltd,100,Kg,1,1,0,0,Valuation Rate,0,0,
BOM-760C0033-R0,760C0033,PiCAN‚ĄĘ UF PBT/PC Natural,Calco PolyTechnik Pvt Ltd,100,Kg,1,1,0,0,Valuation Rate,0,0,
BOM-760C0051-R0,760C0051,PiCAN‚ĄĘ UF PC/PBT Green,Calco PolyTechnik Pvt Ltd,100,Kg,1,1,0,0,Valuation Rate,0,0,
BOM-760C0081F-R0,760C0081F,PiCAN‚ĄĘ PC/ABS FR Alloy Grey,Calco PolyTechnik Pvt Ltd,100,Kg,1,1,0,0,Valuation Rate,0,0,
BOM-760C0092-R0,760C0092,760C0092,Calco PolyTechnik Pvt Ltd,100,Kg,1,1,0,0,Valuation Rate,0,0,
BOM-760C0093HS-R1,760C0093HS,PiCAN‚ĄĘ UF PC/Polyester Alloy White,Calco PolyTechnik Pvt Ltd,100,Kg,1,1,0,0,Valuation Rate,0,0,
BOM-760C1001-R2,760C1001,PiCAN‚ĄĘ 10 % GF PC + PBT Alloy,Calco PolyTechnik Pvt Ltd,100,Kg,1,1,0,0,Valuation Rate,0,0,
BOM-760C1001F-R1,760C1001F,PiCAN‚ĄĘ 15% GF FR PC/ABS Black,Calco PolyTechnik Pvt Ltd,100,Kg,1,1,0,0,Valuation Rate,0,0,
BOM-760C1002F-R1,760C1002F,PiCAN‚ĄĘ 10% GF FR PC/ABS Black,Calco PolyTechnik Pvt Ltd,100,Kg,1,1,0,0,Valuation Rate,0,0,
BOM-760C1003-R0,760C1003,10% GF PC/PBT Black,Calco PolyTechnik Pvt Ltd,100,Kg,1,1,0,0,Valuation Rate,0,0,
BOM-760C1004-R1,760C1004,PiCAN‚ĄĘ 15% GF PC/ABS Black,Calco PolyTechnik Pvt Ltd,100,Kg,1,1,0,0,Valuation Rate,0,0,
BOM-760C1032-R1,760C1032,PiCAN‚ĄĘ 11% GF PC/PBT Alloy Natural,Calco PolyTechnik Pvt Ltd,100,Kg,1,1,0,0,Valuation Rate,0,0,
BOM-760C3001F-R2,760C3001F,PiCAN‚ĄĘ 30% GF FR PC-PBT Black,Calco PolyTechnik Pvt Ltd,100,Kg,1,1,0,0,Valuation Rate,0,0,
BOM-760C4001F-R0,760C4001F,PiCAN‚ĄĘ ABS+PC FR Black,Calco PolyTechnik Pvt Ltd,100,Kg,1,1,0,0,Valuation Rate,0,0,
BOM-760C4081F-R1,760C4081F,PiCAN‚ĄĘ PC/ABS FR Grey,Calco PolyTechnik Pvt Ltd,100,Kg,1,1,0,0,Valuation Rate,0,0,
BOM-760C6001-R1,760C6001,PiCAN‚ĄĘ PC/ABS Black,Calco PolyTechnik Pvt Ltd,100,Kg,1,1,0,0,Valuation Rate,0,0,
BOM-760C6001F-R1,760C6001F,PiCAN‚ĄĘ PC / ABS FR Black,Calco PolyTechnik Pvt Ltd,100,Kg,1,1,0,0,Valuation Rate,0,0,
BOM-760C6002-R0,760C6002,PiCAN‚ĄĘ PC/ABS Unfilled Black,Calco PolyTechnik Pvt Ltd,100,Kg,1,1,0,0,Valuation Rate,0,0,
BOM-760C6031-R1,760C6031,PiCAN‚ĄĘ PC / ABS Natural,Calco PolyTechnik Pvt Ltd,100,Kg,1,1,0,0,Valuation Rate,0,0,
BOM-760C6082F-R0,760C6082F,PiCAN‚ĄĘ PC/ABS FR Light Grey,Calco PolyTechnik Pvt Ltd,100,Kg,1,1,0,0,Valuation Rate,0,0,
BOM-760C6083F-R2,760C6083F,PiCAN‚ĄĘ PC/ABS FR RAL 5425C Grey,Calco PolyTechnik Pvt Ltd,100,Kg,1,1,0,0,Valuation Rate,0,0,
BOM-760C6091F-R2,760C6091F,PiCAN‚ĄĘ PC/ABS FR White,Calco PolyTechnik Pvt Ltd,100,Kg,1,1,0,0,Valuation Rate,0,0,
BOM-770C3001-R3,770C3001,30% GF PBT+ASA BLK,Calco PolyTechnik Pvt Ltd,100,Kg,1,1,0,0,Valuation Rate,0,0,
BOM-770C3001F-R1,770C3001F,ZiLITE‚ĄĘ 30 % GF FR PBT+ASA Black,Calco PolyTechnik Pvt Ltd,100,Kg,1,1,0,0,Valuation Rate,0,0,
BOM-790C0031-R1,790C0031,ZiLITE‚ĄĘ UF POM Natural,Calco PolyTechnik Pvt Ltd,100,Kg,1,1,0,0,Valuation Rate,0,0,
BOM-900C0001-R0,900C0001,ABSiL‚ĄĘ UF ABS Black,Calco PolyTechnik Pvt Ltd,100,Kg,1,1,0,0,Valuation Rate,0,0,
BOM-900C0001F-R0,900C0001F,ABSiL‚ĄĘ UF FR ABS Black,Calco PolyTechnik Pvt Ltd,100,Kg,1,1,0,0,Valuation Rate,0,0,
BOM-900C0001UVS-R1,900C0001UVS,ABSiL‚ĄĘ UF ABS UV Stabilized Black,Calco PolyTechnik Pvt Ltd,100,Kg,1,1,0,0,Valuation Rate,0,0,
BOM-900C0002-R0,900C0002,ABSiL‚ĄĘ UF High Gloss ABS Black,Calco PolyTechnik Pvt Ltd,100,Kg,1,1,0,0,Valuation Rate,0,0,
BOM-900C0011-R2,900C0011,ABSiL‚ĄĘ Asian Ivory ABS,Calco PolyTechnik Pvt Ltd,100,Kg,1,1,0,0,Valuation Rate,0,0,
BOM-900C0013-R1,900C0013,ABSiL‚ĄĘ UF ABS Ivory,Calco PolyTechnik Pvt Ltd,100,Kg,1,1,0,0,Valuation Rate,0,0,
BOM-900C0031-R0,900C0031,ABS NATURAL,Calco PolyTechnik Pvt Ltd,100,Kg,1,1,0,0,Valuation Rate,0,0,
BOM-900C0032-R1,900C0032,ABSiL‚ĄĘ UF ABS Natural,Calco PolyTechnik Pvt Ltd,100,Kg,1,1,0,0,Valuation Rate,0,0,
BOM-900C0051-R1,900C0051,ABS LEMON GREEN,Calco PolyTechnik Pvt Ltd,100,Kg,1,1,0,0,Valuation Rate,0,0,
BOM-900C0061F-R0,900C0061F,ABSiL‚ĄĘ ABS FR Blue,Calco PolyTechnik Pvt Ltd,100,Kg,1,1,0,0,Valuation Rate,0,0,
BOM-900C0062-R0,900C0062,ABS BLUE,Calco PolyTechnik Pvt Ltd,100,Kg,1,1,0,0,Valuation Rate,0,0,
BOM-900C0064-R1,900C0064,ABSiL‚ĄĘ UF ABS Navy Blue,Calco PolyTechnik Pvt Ltd,100,Kg,1,1,0,0,Valuation Rate,0,0,
BOM-900C0082-R0,900C0082,ABSiL‚ĄĘ ABS Maruti Grey,Calco PolyTechnik Pvt Ltd,100,Kg,1,1,0,0,Valuation Rate,0,0,
BOM-900C0083-R0,900C0083,ABSiL‚ĄĘ ABS UF Grey,Calco PolyTechnik Pvt Ltd,100,Kg,1,1,0,0,Valuation Rate,0,0,
BOM-900C0084-R0,900C0084,ABSiL‚ĄĘ UF ABS Dark Grey,Calco PolyTechnik Pvt Ltd,100,Kg,1,1,0,0,Valuation Rate,0,0,
BOM-900C0085-R0,900C0085,ABSiL‚ĄĘ UF ABS Grey,Calco PolyTechnik Pvt Ltd,100,Kg,1,1,0,0,Valuation Rate,0,0,
BOM-900C0086-R0,900C0086,ABSiL‚ĄĘ UF ABS Silver Grey,Calco PolyTechnik Pvt Ltd,100,Kg,1,1,0,0,Valuation Rate,0,0,
BOM-900C0087-R0,900C0087,ABSiL‚ĄĘ UF ABS Grey,Calco PolyTechnik Pvt Ltd,100,Kg,1,1,0,0,Valuation Rate,0,0,
BOM-900C0091-R1,900C0091,ABS WHITE,Calco PolyTechnik Pvt Ltd,100,Kg,1,1,0,0,Valuation Rate,0,0,
BOM-900C0092-R1,900C0092,ABS BLUISH WHITE,Calco PolyTechnik Pvt Ltd,100,Kg,1,1,0,0,Valuation Rate,0,0,
BOM-900C0093B-R0,900C0093B,ABSiL‚ĄĘ UF ABS Opal White,Calco PolyTechnik Pvt Ltd,100,Kg,1,1,0,0,Valuation Rate,0,0,
BOM-900C0093F-R0,900C0093F,ABSiL‚ĄĘ ABS UF FR Opal White,Calco PolyTechnik Pvt Ltd,100,Kg,1,1,0,0,Valuation Rate,0,0,
BOM-900C0096-R0,900C0096,"ABSiL‚ĄĘ ABS, IFB Off White",Calco PolyTechnik Pvt Ltd,100,Kg,1,1,0,0,Valuation Rate,0,0,
BOM-900C0096A-R0,900C0096A,ABSiL‚ĄĘ UF ABS IFB OFF White,Calco PolyTechnik Pvt Ltd,100,Kg,1,1,0,0,Valuation Rate,0,0,
BOM-900C0097-R0,900C0097,ABSiL‚ĄĘ UF ABS White,Calco PolyTechnik Pvt Ltd,100,Kg,1,1,0,0,Valuation Rate,0,0,
BOM-900C1001-R2,900C1001,ABSiL‚ĄĘ 15% GF ABS Black,Calco PolyTechnik Pvt Ltd,100,Kg,1,1,0,0,Valuation Rate,0,0,
BOM-900C1002-R1,900C1002,ABSiL‚ĄĘ 7% GF ABS Black,Calco PolyTechnik Pvt Ltd,100,Kg,1,1,0,0,Valuation Rate,0,0,
BOM-900C1031-R1,900C1031,ABSiL‚ĄĘ 15% GF ABS Natural,Calco PolyTechnik Pvt Ltd,100,Kg,1,1,0,0,Valuation Rate,0,0,
BOM-900C1231-R0,900C1231,ABS NATURAL,Calco PolyTechnik Pvt Ltd,100,Kg,1,1,0,0,Valuation Rate,0,0,
BOM-900C2032-R1,900C2032,ABSiL‚ĄĘ 20% GF ABS Natural,Calco PolyTechnik Pvt Ltd,100,Kg,1,1,0,0,Valuation Rate,0,0,
BOM-900C2041-R0,900C2041,ABSiL‚ĄĘ 25% GF ABS Yellow,Calco PolyTechnik Pvt Ltd,100,Kg,1,1,0,0,Valuation Rate,0,0,
BOM-900C3031-R1,900C3031,ABSiL‚ĄĘ 30% GF ABS Natural,Calco PolyTechnik Pvt Ltd,100,Kg,1,1,0,0,Valuation Rate,0,0,
BOM-900C3041-R1,900C3041,ABSiL‚ĄĘ 30% GF ABS Yellow,Calco PolyTechnik Pvt Ltd,100,Kg,1,1,0,0,Valuation Rate,0,0,
BOM-901C0001-R0,901C0001,ABSiL‚ĄĘ ABS Unfilled Black,Calco PolyTechnik Pvt Ltd,100,Kg,1,1,0,0,Valuation Rate,0,0,
BOM-901C0081-R0,901C0081,ABSiL‚ĄĘ Unfilled ABS Grey,Calco PolyTechnik Pvt Ltd,100,Kg,1,1,0,0,Valuation Rate,0,0,
BOM-910C1031-R2,910C1031,ABSiL‚ĄĘ 10% GF SAN Natural,Calco PolyTechnik Pvt Ltd,100,Kg,1,1,0,0,Valuation Rate,0,0,
BOM-910C2031-R0,910C2031,ABSiL‚ĄĘ 20% GF SAN Natural,Calco PolyTechnik Pvt Ltd,100,Kg,1,1,0,0,Valuation Rate,0,0,
BOM-910C2032-R1,910C2032,ABSiL‚ĄĘ 20% GF SAN Natural,Calco PolyTechnik Pvt Ltd,100,Kg,1,1,0,0,Valuation Rate,0,0,
BOM-910C3031-R0,910C3031,ABSiL‚ĄĘ 30% GF SAN Natural,Calco PolyTechnik Pvt Ltd,100,Kg,1,1,0,0,Valuation Rate,0,0,
BOM-910C3061-R1,910C3061,ABSiL‚ĄĘ 30% GF SAN Blue,Calco PolyTechnik Pvt Ltd,100,Kg,1,1,0,0,Valuation Rate,0,0,
